Actor 3,MeanRating
A.K. Hangal,6.185714285714286
Aachi Manorama,6.55
Aadi,8.6
Aaditya Singh,5.8
Aahana Kumra,5.6
Aamir Ali,3.6
Aamir Bashir,6.5
Aamir Ghani,4.3
Aamir Khan,6.779999999999999
Aamrik Arjun,5.8
Aanaahad,6.3
Aaran,6.400000000000001
Aarav Mavi,3.1
Aardra Athalye,6.6
Aarnaa Sharma,6.0
Aarti Chhabria,4.1
Aartii Naagpal,2.6
Aarun D. Baliean,7.2
Aaryan Menghji,7.3
Aashish Chaudhary,4.0
Aasif Mandvi,5.8
Aasif Sheikh,5.533333333333334
Aastha Gautam,7.3
Abbas,5.74
Abbas Ali,6.7
Abdul Rehman Kabuli,6.0
Abdullah Osman,2.7999999999999994
Abhay Bhargava,5.9
Abhay Chopra,6.5
Abhay Deol,7.266666666666666
Abhay Joshi,6.099999999999999
Abhay Mahajan,6.2
Abhi Bhattacharya,5.82
Abhijit Kelkar,7.900000000000001
Abhilash Dada,8.6
Abhimanyu Singh,4.970000000000001
Abhinay Banker,8.4
Abhisek Pandey,5.6
Abhishek Bachchan,4.33
Abhishek Bajaj,6.6
Abhishek Bardia,6.9
Abhishek Chatterjee,7.4
Abhishek Mahendru,5.4
Abhishek Reddy,7.8
Abka Chuliya,7.6
Abraham Sofaer,6.2
Abu Lala,5.4
Abudhar Al Hassan,9.1
Abuli Mamaji,7.2
Achala Sachdev,7.0
Achint Kaur,6.3428571428571425
Achyut Potdar,7.1
Adah Sharma,6.8
Adam Avil,2.7
Adarsh Gourav,6.4
Adhyayan Suman,3.4
Adi Irani,6.028571428571428
Adil Hussain,7.6499999999999995
Aditi Charak,8.2
Aditi Govitrikar,5.0600000000000005
Aditi Rao Hydari,6.199999999999999
Aditi Sharma,5.7
Aditi Singh,6.0
Aditi Vasudev,7.3
Aditya Bhattacharya,6.0
Aditya Gupte,8.5
Aditya Kumar,4.9
Aditya Lakhia,3.2999999999999994
Aditya Pancholi,4.712
Aditya Rajput,4.6
Aditya Roy Kapoor,5.6499999999999995
Aditya Seal,5.55
Aditya Srivastav,7.328571428571428
Adnan Khalid,6.2
Adyasha,3.5
Aftab Shivdasani,4.521428571428571
Agha,6.624
Agha Jani Kashmiri,6.3
Aham Sharma,2.7
Ahindra Choudhury,7.05
Ahmed Chaudhary,6.3
Ahmer Haider,8.6
Ahsaas Channa,3.9125
Aiden Angeli,5.2
Aino Annuddin,6.7
Aisha Sharma,5.7
Aishwarya Lekshmi,4.5
Aishwarya Rai Bachchan,6.0600000000000005
Ajay,5.6
Ajay Azad Singh,2.8
Ajay Chaudhary,5.7
Ajay Devgn,5.558333333333334
Ajay Gatlewar,6.4
Ajay Jadeja,4.0
Ajay Kumar,6.7
Ajay Mankotia,4.6
Ajayan Adoor,7.0
Ajaz Khan,6.44
Ajit,6.4
Ajit Singh Arora,6.5
Ajit Vachani,4.7
Ajitesh Gupta,6.95
Akanksha,7.4
Akansha,4.6
Akansha Ranjan Kapoor,5.4
Akansha Shivhare,7.0
Akash Ajmera,5.2
Akash Hora,4.2
Akash Kumar,9.4
Akash Sharma,4.5
Akhilendra Mishra,7.8
Akkash Basnet,6.1
Akram Khan,8.0
Akshara Haasan,4.25
Akshay Anand,4.3
Akshay Bhagat,6.1
Akshay Kumar,5.088888888888889
Akshay Mhatre,7.0
Akshaye Khanna,5.944444444444445
Alankrita Bora,4.3
Alankrita Sahai,7.2
Alanna Blair,6.4
Alaudeen,5.5
Alayana Sharma,2.5
Aleksey Batalov,7.6
Alexander Gifford,6.5
Ali,4.1000000000000005
Ali Fazal,5.666666666666667
Ali Haider,7.8
Ali Zafar,5.8
Alibail Blackburn,4.8
Aliza,6.8
Alka,7.2
Alka Amin,5.375
Allari Naresh,4.9
Alok Chaturvedi,4.6
Alok Kumar,6.2
Alok Nath,6.0625
Aloknath Pathak,8.6
Alpana,5.3
Amaan f Khan,6.8
Amala Akkineni,6.1
Aman Gupta,8.8
Aman Jain,8.8
Aman Sandhu,5.9
Amar,7.3
Amardeep Insan,5.8
Amarjeet Amle,5.5
Ambika,6.783333333333332
Ambika Johar,6.5
Ameesha Patel,4.338888888888889
Ameeta,6.959999999999999
Ameya Pandya,4.2
Amin Gazi,3.8000000000000003
Amir Banu,7.2
Amiran Winter,6.8
Amit Behl,5.525
Amit Bhardwaj,5.6
Amit Bimrot,7.2
Amit Dawar,5.4
Amit Kumar,8.2
Amit Misra,8.0
Amit Mistry,7.3
Amit Pachori,4.775
Amit Phalke,6.9
Amit Purohit,5.4
Amita Nangia,4.6
Amitabh Bachchan,6.836956521739131
Amitabh Dayal,5.7
Amitabh Gupta,9.3
Amjad Khan,5.558064516129033
Amol Palekar,7.325
Amol Parashar,5.15
Amole Gupte,5.7
Amrish Puri,5.984375
Amrit Patel,8.0
Amrita Arora,4.066666666666666
Amrita Prakash,6.8
Amrita Puri,5.0
Amrita Singh,5.3025
Amruta Khanvilkar,4.0
Amruta Subhash,6.333333333333333
Amrutha Karagada,7.900000000000001
Amy Jackson,5.550000000000001
Amyra Dastur,5.900000000000001
Anahita Bhooshan,8.7
Anaika Soti,5.900000000000001
Anamika,8.4
Anamika Raj,7.7
Anand,4.4
Anand Abhyankar,5.2
Anand Bhosle,8.6
Anand Grover,6.3
Anand Kumar,7.900000000000001
Anand Tiwari,7.4
Ananda Karekar,5.7
Anandee Tripathi,6.2
Anang Desai,5.75
Anant Nag,7.257142857142857
Ananya Chatterjee,5.775
Ananya Panday,5.7
Anastasia Fullfina,6.3
Anders Granstr�m,5.5
Andrea Jeremiah,6.8
Anees Khatoon,7.2
Angad Bedi,6.3500000000000005
Angel Tom Karumathy,6.3
Aniket Dhawalshankh,8.2
Anil Bhavnani,5.2
Anil Chatterjee,5.5
Anil Chaudhary,5.7
Anil Dhawan,5.191666666666666
Anil George,6.400000000000001
Anil Grover,6.9
Anil Kapoor,5.527777777777778
Anil Kumar,6.1000000000000005
Anil Nagrath,5.6
Anil Pandya,6.9
Anima Pagare,5.8
Anindita Nayar,5.4
Anirban Roy,6.5
Anita Guha,7.166666666666667
Anita Hassanandani Reddy,5.2
Anita Kanwar,7.0
Anita Raj,5.0
Anjala Zaveri,5.75
Anjali Devi,5.7
Anjali Kadam,6.9
Anjali Kholapure,2.9
Anjali Patil,6.95
Anjali Tendulkar,8.6
Anjan Srivastav,4.6
Anjana Mumtaz,6.599999999999999
Anjori Alagh,6.400000000000001
Anju Mahendru,7.2
Ankit Gajera,6.1
Ankit Raaj,4.9
Ankita,7.9
Ankita Bahuguna,9.0
Ankita Sahu,8.3
Ankita Shrivastav,7.5
Ankush Chaudhari,6.8
Anmol Khatri,5.1
Annu Kapoor,6.98
Anokhi Dalvi,5.4
Anoop Kumar,7.4
Anshu Khatri,8.4
Anshul Kataria,6.5
Anshuman Malhotra,5.7
Antara Mali,5.3
Antonia Bernath,4.5
Anu Agrawal,3.7000000000000006
Anu Choudhury,6.9
Anu Joseph,6.6
Anu Menon,5.8
Anubhav Dixit,7.8
Anubhav Mishra,7.0
Anudeep Singh,6.8
Anuj Chaudhary,5.8
Anuj Punj,4.3
Anuj Sawhney,5.199999999999999
Anuj Sen,8.1
Anup Shukla,7.2
Anupam Kher,5.520833333333333
Anupama Verma,5.1
Anupriya Goenka,5.25
Anuradha Patel,7.4
Anurag Arora,5.9
Anurag Kashyap,5.62
Anurita Jha,6.2
Anushka Sharma,6.3
Anuya Bhagwat,8.0
Anwar Ali,6.5
Anwar Hussain,6.925
Anyarit Pitakkul,5.900000000000001
Aparna Bera,3.1
Aparna Sen,7.1
Aparshakti Khurana,6.3
Apoorva Agnihotri,2.8499999999999996
Apoorva Arora,5.1
Apurva Chowdhary,6.0
Aradhana Jagota,5.7
Arav Chowdharry,7.1
Arbaaz Khan,4.956521739130435
Archana,7.175
Archana Puran Singh,4.944444444444445
Archanna Guptaa,5.8
Ardhendu Bose,6.4
Areesz Ganddi,4.3
Arif Khan,5.8
Arif Zakaria,4.066666666666666
Arjan Bajwa,5.1
Arjun,5.266666666666667
Arjun Bijlani,4.0
Arjun Chakraborty,7.7
Arjun Gokul Jaykrishna,6.4
Arjun Mathur,6.05
Arjun Radhakrishnan,6.6
Arjun Rampal,6.3428571428571425
Arjun Sarja,5.779999999999999
Armaan Ralhan,3.9
Armen Grayg,6.900000000000001
Arshad Warsi,5.245945945945945
Arslan Goni,4.4
Art Malik,4.6
Arti Gaikwad,6.1
Arti Gupta,6.285714285714286
Arun Bakshi,4.823076923076924
Arun Bali,6.766666666666667
Arun Govil,6.1499999999999995
Aruna Irani,5.754545454545455
Aruna Shields,4.2
Arundhati Roy,7.2
Arunoday Singh,7.175
Arvin Tucker,4.2
Arvind Jangid,7.0
Arya Babbar,4.925000000000001
Aryan Mishra,7.1
Aryan Preet,7.2
Aryan Vaid,3.5
Asad Aleem,4.4
Ash Chandler,5.1
Asha Bhat,5.599999999999999
Asha Bhosle,8.2
Asha Mathur,6.3
Asha Parekh,6.3
Asha Sachdev,5.55
Ashalata Wabgaonkar,7.0
Asheesh Kapur,7.099999999999999
Ashima Bhalla,6.5
Ashish Chanana,6.2
Ashish Ghosh,8.2
Ashish Kotwal,5.9
Ashish Kumar,5.833333333333333
Ashish Saleem,5.5
Ashish Verma,7.599999999999999
Ashish Vidyarthi,6.55
Ashok Kumar,5.982608695652174
Ashok Lath,4.7
Ashok Saraf,5.714285714285714
Ashok Sharma,7.7
Ashraf Ul Haq,5.8
Ashutosh Acharya,8.0
Ashutosh Gowariker,6.933333333333333
Ashutosh Kaushik,2.5
Ashutosh Rana,5.7
Ashwini Bhave,5.507142857142857
Ashwini Kalsekar,7.8
Asif Akbar,2.6
Asif Ali Beig,5.2
Asif Basra,3.6
Asin Thottumkal,4.55
Asitbaran,6.733333333333334
Aslam Khan,5.4
Asrani,5.92542372881356
Atul Agnihotri,6.325
Atul Kaushal,8.5
Atul Kulkarni,5.046666666666667
Aungchuk,7.1
Aurn Pandian,7.3
Aushima Sawhney,6.12
Avika Gor,4.7
Avinash,6.2
Avinash Bhargava,3.7
Avinash Tiwary,7.8
Avinash Wadhawan,5.599999999999999
Avneet Kaur,8.0
Avnish Pawar,5.9
Avtar Gill,4.655555555555555
Avtar Sahani,5.599999999999999
Avtar Singh Bhullar,4.8
Awdhesh Mishra,2.5
Ayesha Dharker,7.0
Ayesha Jhulka,6.2727272727272725
Ayesha Raza,5.85
Ayesha Takia,4.0
Ayub Khan,4.928571428571429
Ayush Mahesh Khedekar,4.0
Azaad Irani,6.15
Azim,6.8
Aziz Naser,5.2
Azmat Khwaja,7.1
B.L. Chopra,6.3
B.M. Shah,7.2
B.M. Vyas,5.96
B.S. Dwarakish,6.6
Babasaheb Gawde,7.9
Babita,5.9
Babita Kapoor,6.733333333333333
Babu,5.8
Babu Das,8.0
Babu Mohan,6.225
Baburaj,5.2
Baby Gayatri,6.3
Badri Prasad,7.0
Badrul Islam,6.3
Bahadur,6.400000000000001
Baiju Gopinath,5.5
Bajrangbali Singh,5.5
Bala Hijam,7.7
Baldev Khosa,5.8
Balraj Sahni,6.803703703703703
Balwant Dullat,4.0
Barun Chanda,7.3
Beena Antony,7.8
Beena Banerjee,4.21
Begum Para,6.099999999999999
Bela Bose,5.9399999999999995
Benyamin Bahadori,3.7999999999999994
Bertwin Ravi Dsouza,8.1
Bhairavi Goswami,6.4
Bhakti Barve,8.4
Bhani Singh,1.8
Bhanu Uday,5.1
Bhanupriya,7.44
Bharat Bhushan,5.85
Bharat Dabholkar,5.5
Bharat Jadhav,3.9
Bharat Kapoor,4.3
Bharathi,6.285714285714286
Bharti,5.9
Bharti Achrekar,3.7
Bhaskar Jha,6.6
Bhasker Patel,5.6
Bhavana Balsawar,5.9
Bhavin Bhanushali,6.2
Bhavna Pani,6.5
Bhisham Kohli,6.3
Bhoomika Chawla,4.6571428571428575
Bhumi Pednekar,7.2
Bhumika Puri,4.6
Bhupindder Bhoopii,4.8
Bhushan Insan,6.7
Bhushan Jeevan,7.3
Bhuvan Arora,7.0
Bhuvnesh Mann,5.3
Bibbo,6.4
Bidita Bag,7.0
Bijay Anand,6.7
Biju Menon,5.3
Bill 'Blade' Howell,8.1
Bill Clinton,7.7
Bill Nighy,6.599999999999999
Billa,3.3
Bilqis,5.900000000000001
Biman Bannerjee,7.3
Bina Rai,7.400000000000001
Bindiya Goswami,6.43
Bindu,5.9526315789473685
Binita Gupta,6.4
Binnu Dhillon,5.8999999999999995
Bipasha Basu,5.6571428571428575
Bipin Gupta,6.8999999999999995
Biplab Chatterjee,5.1
Birbal,5.985714285714286
Biswajit Chatterjee,6.230769230769231
Bj�rn Freiberg,5.3
Bob Anthony,5.0
Bob Christo,6.866666666666667
Bobby Darling,6.35
Bobby Deol,4.347368421052631
Bobby Khan,3.1
Boken Chatto,6.3
Boman Irani,5.788235294117648
Boman Shroff,3.4
Brahm Bhardwaj,5.475
Brahmachari,5.716666666666666
Brahmanand Swamigal,7.6
Brahmanandam,5.488888888888889
Brande Roderick,3.2999999999999994
Brandon Routh,3.9
Brij Gopal,5.6
Brijendra Kala,5.833333333333333
Brinda Karat,7.3
Bunty Chopra,3.8
Bunty Grewal,5.5
Byon,4.0
B�rbara Mori,6.099999999999999
Camille Natta,6.2
Candice Pereira,5.7
Cedric Cirotteau,5.9
Celina Jaitly,2.6
Cell Murugan,3.7
Chaho Bhara,9.3
Chalapathi Rao,5.5
Chaman Bagga,7.1
Champa,7.6
Chanchal,7.0
Chanda,7.2
Chandan Gill,7.2
Chandani Grover,6.6
Chandni,5.1
Chandra Mohan,6.925
Chandra Shekhar Dutta,8.5
Chandrachur Singh,7.040000000000001
Chandramohan,5.0
Chandrashekhar,6.164705882352941
Chaplin Balu,6.8
Charan Raj,6.857142857142857
Charu Haasan,7.4
Chery Shety,3.4
Chetan Anand,7.1
Chetan Pandit,5.3
Chetana Das,3.9
Chetna Pande,6.0
Chhayadevi,6.8
Chia-Hui Liu,4.1
Chinmayee Surve,6.0
Chinnijayanth,6.0
Chitra,6.3999999999999995
Chitrangda Singh,6.925
Chlo� Booyens,3.9
Chrissy Chambers,5.2
Chunky Panday,4.623529411764705
Cuckoo,6.849999999999999
Curtiss Cook,7.7
Cyrus Sahukar,5.8
D. Santosh,8.1
D.K. Sapru,5.0
Dady Dustoor,7.1
Daisy Irani,7.099999999999999
Dalip Tahil,4.966666666666667
Daljinder Basran,6.7
Damandeep Singh,4.4
Daniel Kaleb,5.8
Daniel Weber,2.7999999999999994
Danish Husain,6.7
Danny Denzongpa,5.974
Danny Huston,7.3
Dara Singh,5.7
Darbha Appaji Ambarisha,5.4
Darshan Jariwala,5.136363636363637
Darshan Kumaar,5.5600000000000005
Darsheel Safary,6.099999999999999
Darshil Gandhi,8.8
Datta Dharmadhikari,8.0
David Abraham,6.805555555555555
David Bueno,3.6
Dean Alexandrou,6.0
Deb Mukherjee,7.12
Debashree Roy,7.5
Deeksha Joshi,5.7
Deepa Bakshi,4.7
Deepak Bhatia,4.8
Deepak Chaddha,4.9
Deepak Dobriyal,7.242857142857143
Deepak Jethi,2.8
Deepak Mehrotra,6.8
Deepak Parashar,5.9875
Deepak Shirke,6.900000000000001
Deepak Tijori,6.358823529411764
Deepika Amin,6.757142857142857
Deepika Chikhalia,4.6
Deepika Padukone,5.7
Deepraj Rana,5.3
Deepshikha Nagpal,2.7999999999999994
Deepti Naval,5.95
Deeya Dey,5.533333333333334
Deihokhlang Basaiawmoit,7.0
Delnaaz Irani,4.7
Delzad Hiwale,7.3
Dev Anand,7.1
Dev Gohar,4.3
Dev Kumar,5.925
Devagi,6.599999999999999
Devan,3.66
Devansh Doshi,6.8
Devbala,5.2
Deven Verma,6.7846153846153845
Devendra Chowhan,5.599999999999999
Devika,7.3
Devika Mukherjee,7.1
Devrati,7.5
Devraya Gole,7.400000000000001
Devyani,3.5
Dhanendra Kawde,7.3
Dhanraj,3.3
Dhanshree Patil,7.7
Dharmendra,5.36923076923077
Dheer Charan Srivastav,6.4
Dheeraj Kumar,4.5
Dheeraj Pandit,3.7
Dhirendra Gupta,6.3
Dhruv,6.2
Dhruv Piyush Panjuani,6.2
Dia Mirza,5.2
Diana Penty,6.949999999999999
Dibyendu Bhattacharya,5.76
Digangana Suryavanshi,6.0
Dilip Dhawan,5.2
Dilip Kumar,7.12
Dilip Raj,6.2
Diljit Dosanjh,6.9
Dimple,6.5
Dimple Kapadia,6.142307692307692
Dina Pathak,6.8428571428571425
Dinesh Anand,5.1
Dinesh Bawara,4.925
Dinesh Hingoo,4.25
Dinesh Mehta,7.8
Dinesh Thakur,6.925
Dino Morea,4.45
Dipak Khetiya,6.8
Dipannita Sharma,5.2
Dipanshu Dang,6.7
Dipika,4.3
Dipti,4.4
Dipti Joshi,6.7
Disha Arora,4.5
Disha Patani,6.5
Dishita Sehgal,7.9
Diveyaa Dwivedi,5.1
Divya Bharti,5.0
Divya Dutta,5.550000000000001
Divya Jagdale,6.1
Divya Rana,6.7
Divyaa Dwivedi,6.2
Divyaa Unni,5.8
Divyendu Sharma,6.514285714285714
Diya Chakraborty,4.6
Dolly Ahluwalia,5.9799999999999995
Donny Kapoor,5.3
Dr. Vilas Ujawane,6.5
Dubbing Janaki,6.5
Dulari,7.779999999999999
Durga Khote,6.835714285714286
Durgesh Kumar,7.599999999999999
Durgesh Nandini,3.8
Ehsan Khan,4.2
Eka Lakhani,7.0
Ekavali Khanna,6.8
Ekta Sohini,5.0
Elena Kazan,5.75
Elena Tuteja,3.3
Elli Avrram,3.5
Elvis Chaturvedi,3.5
Emraan Hashmi,5.54
Erika Kaar,6.2
Errol Peter Marks,4.8
Esha Deol,4.554545454545455
Esha Gupta,5.125
Esha Tewari,5.1
Eva Grover,5.6
Evelyn Sharma,2.5
Faheem Ul Haq,3.6
Faisal Khan,3.7999999999999994
Faiyyaz,7.2
Faiz Khan,5.8
Farah Khan,4.3
Faraz Ansari,5.6
Faraz Khan,8.1
Fardeen Khan,6.083333333333333
Farha Naaz,4.810526315789474
Farheen,6.199999999999999
Farid Amiri,4.6
Farida Dadi,3.6
Farida Jalal,5.5600000000000005
Farooq Shaikh,5.5
Farrukh Jaffar,5.599999999999999
Fatima Sana Shaikh,8.4
Feroz Khan,6.864705882352942
Flora,3.5
Flora Saini,4.3
Freddy Daruwala,7.2
Gadi,5.9
Gagan,4.6
Gagan Kang,3.9
Gagan Singh Sethi,7.6
Gajanan Bangera,7.5
Gajanan Jagirdar,7.457142857142857
Gajendra Chauhan,5.985714285714286
Gajraj Rao,7.2
Ganesh Venkatraman,6.8
Gargi Roy Chowdhury,7.8
Gargi Shitole,6.0
Garima Rastogi,7.7
Gary Castro Churchwell,3.6
Gary Gill,5.4
Gashmeer Mahajani,3.9
Gauahar Khan,6.26
Gaurav Arora,4.3
Gaurav Chanana,4.666666666666667
Gaurav Chopra,6.9
Gaurav Gupta,6.8
Gaurav Kamble,6.3
Gaurav Kapoor,4.7
Gaurav Kothari,4.2
Gauri,6.7
Gauri Shankar,6.6
Gautam,2.9
Gautam Dhengare,7.3
Gautami,6.14
Gautmi,3.6
Gavie Chahal,3.2
Gayatri,5.900000000000001
Geeta Bali,7.2
Geeta Basra,3.9
Geeta Behl,5.2
Geetanjali,6.6
Geetanjali Kulkarni,7.459999999999999
Geetha,7.7
Geetika Shyam,8.0
Gemini Ganesan,5.7
Gemma Atkinson,4.7
Genelia D'Souza,5.400000000000001
Geoffrey Kendal,6.8
Geshe Thupten-Phelgyei,5.1
Ghulam Mohammed,5.5
Girija Oak,6.1
Girish Karnad,6.3375
Girish Kulkarni,7.2
Gita Siddharth,7.6
Gitanjali,7.9
Gitanjali Rao,7.5
Goga Kapoor,5.74
Gopal Datt,6.2
Gopalan,6.1
Gope,6.871428571428572
Gopi Katwal,7.1
Goundamani,5.4
Goutam Ghose,7.0
Govardhan B.K,6.7
Govind Namdeo,4.36
Govinda,5.008823529411765
Gracy Singh,8.183333333333332
Greg de Sousa,8.2
Gul Panag,6.3090909090909095
Gulshan,4.5
Gulshan Devaiah,5.561538461538461
Gulshan Grover,4.96875
Gunj,2.4
Gunjan Malhotra,4.6
Gunjan Vyas,4.4
Gurbani Gill,7.8
Gurdev Bhullar,5.9
Gurleen Chopra,5.75
Gurmeet Choudhary,4.4
Gurpreet Ghuggi,7.3
Gurpreet Singh,3.2
Guy Bleyaert,6.599999999999999
Habib,5.3
Hanish Kalia,6.6
Hansa Wadkar,7.1
Hansal Mehta,5.7
Harbans Darshan M. Arora,5.900000000000001
Harish,5.336363636363636
Harish Bhimani,6.3
Harish Hariaudh,7.4
Harish Sadani,6.9
Harman Preet Kaur,5.8
Harry Key,6.099999999999999
Harsh Chhaya,5.550000000000001
Harsh Gupta,8.3
Harsh Mayar,8.0
Harsh Parekh,4.9
Harsha Mehra,2.9
Harshad Chopda,6.1
Harshita Awale,5.400000000000001
Harshita Tiwari,6.8
Hasan Zaidi,4.2
Hashmat Khan,5.7
Hazel Croney,4.18
Heena Kausar,4.65
Heena Shaik,6.6
Heera Rajgopal,5.550000000000001
Helen,6.185185185185185
Hema Malini,6.431034482758621
Hema Singh,5.7
Hemant Birje,5.2
Hemant Dhome,6.2
Hima Singh,7.400000000000001
Himalaya,4.8
Himani Shivpuri,5.8
Himanshu Malik,5.2
Himanshu Sharma,6.3
Himesh Reshammiya,4.3
Hiralal,6.1
Hitha Chandrashekar,6.6
Honeypreet Insan,6.6
Hrishitaa Bhatt,4.4
Hrithik Roshan,6.099999999999999
Hritu Dudani,5.9
Hukum Singh,4.2
Hussein Khan,6.7
Hyder Kazmi,4.699999999999999
I.A. Hafizji,6.2
I.S. Johar,6.275
Iftekhar,6.323076923076924
Ihana Dhillon,3.2999999999999994
Ila Arun,7.333333333333333
Ileana D'Cruz,5.8999999999999995
Imran Khan,4.8
Imtiaz,6.699999999999999
Inaamulhaq,6.2
Inayat Sharma,4.4
Inder Kumar,4.4714285714285715
Inder Thakur,7.9
Indira,6.3
Indraja,3.5
Indraneil Sengupta,8.1
Ingrid Lewis,7.4
Ipshita Chakraborty Singh,7.0
Iqbal Khan,3.6
Ira Dubey,7.1
Irfan Kamal,5.6
Irrfan Khan,6.15
Isha Koppikar,4.9363636363636365
Isha Sharvani,3.8
Ishan Chavan,6.5
Ishita Chauhan,3.7
Ishita Ganguly,4.5
Ishita Sharma,4.2
Ishrat Ali,4.175
Ishwari Bose-Bhattacharya,5.9
Ishwarlal,5.800000000000001
Istiyak Khan,7.6
Izeqiel McCoy,7.1
J.D. Chakravarthi,4.7
J.V. Somayajulu,6.099999999999999
Jabeen Jalil,7.400000000000001
Jack Gaud,5.575
Jackie Shroff,5.602325581395349
Jackky Bhagnani,4.6
Jacqueline Fernandez,4.8875
Jagatpal Jain,7.2
Jagdeep,6.328571428571428
Jagdev,7.0
Jagdish Kanwal,6.099999999999999
Jagdish Sethi,7.099999999999999
Jagrat Desai,5.3
Jahmil X.T. Qubeka,5.5
Jai Ganesh,6.900000000000001
Jai Nagra,4.8
Jaideep Ahlawat,4.828571428571428
James Morcan,7.400000000000001
Jamie Alter,6.6
Jamuna,6.636363636363637
Janardhan Mishra,6.4
Janardhan Parab,6.7
Janhvi Kapoor,4.3
Janki Bisht,5.4
Jankidas,7.08
Japji Khaira,7.0
Jas Arora,6.6
Jashan Singh Kohli,6.8
Jason Matthew Ethier,5.0
Jason Schwartzman,7.2
Jaspal Bhatti,4.8
Jasper,4.5
Jaswinder Kaur,7.1
Jaswir Kaur,5.3
Jatin Goswami,6.900000000000001
Jatin Sarna,7.2
Javed Hyder,5.5
Javed Jaffrey,5.1482758620689655
Javed Khan,3.966666666666667
Javed Rizvi,7.0
Javed Sheikh,4.5
Jawahar Kaul,7.4
Jay Bhanushali,4.0
Jay Bhatt,5.4
Jay Mehta,4.8
Jaya Bachchan,6.945454545454546
Jaya Kausalya,6.9
Jaya Prada,5.432258064516129
Jaya Rekha,3.4
Jayabharati,6.599999999999999
Jayalalitha J,7.0
Jayamalini,6.3
Jayan,6.6
Jayant,6.008333333333333
Jayanta Das,7.3
Jayaprakash,4.6
Jayashree,6.3
Jayati Bhatia,5.866666666666667
Jayesh Shah,2.7000000000000006
Jayshree Gadkar,6.166666666666667
Jayshree T.,5.414285714285714
Jeet Goswami,4.8
Jeetendra,5.8875
Jeetendra Doshi,7.9
Jeevan,6.381818181818182
Jeevan Kala,5.2
Jeff Doucette,2.9
Jennifer Antony,7.2
Jennifer Winget,5.4
Jesse Randhawa,4.45
Jezebel,4.8
Jhanak Shukla,6.3
Jhanvi Desai,3.5
Jharana Bajracharya,3.6
Jhilmil Hazrika,5.1
Jiah Khan,7.3
Jijy Philip,5.4
Jillo,4.62
Jimmy Sharma,3.5
Jimmy Sheirgill,6.825
Jimpa Bhutia,7.0
Jitendra Joshi,9.4
Jitin Gulati,4.6
Jogi Brothers,4.6
Jogi Mallang,8.4
John Abraham,5.257142857142857
Johnny Lever,5.822222222222222
Johnny Walker,6.541463414634146
Johny Fever,5.0
Joy Fernandes,6.56
Joy Mukherjee,6.5
Joy Sengupta,6.36
Joydip Mukhopadhyay,7.1
Jugal Hansraj,6.0
Juhi Chawla,5.613157894736842
Julia Bliss,2.3
Julian Carey,3.1
Junior Jagdeep,2.7
Junior Johnny Lever,8.5
Jyoti,5.1
Jyoti Patel,5.1
Jyoti Rana,4.0
Jyotirmayi,8.2
K.K. Goswami,4.2
K.K. Raina,7.6
K.N. Singh,6.134782608695652
Kaajal Kiran,6.7
Kaamya Sharma,5.900000000000001
Kabir Bedi,5.1045454545454545
Kader Khan,5.357575757575757
Kajal Chakraborty,3.7
Kajal Jain,5.7
Kajol,5.5
Kal Parekh,5.7
Kal Penn,7.2
Kalabhavan Mani,6.099999999999999
Kalki Koechlin,6.62
Kallirroi Tziafeta,4.6
Kallol Banerjee,5.3
Kalpana Bora,5.400000000000001
Kalpana Iyer,6.68
Kalpana Kartik,7.325
Kalpana Pandit,5.625
Kaluram Dhobale,4.6
Kamal Haasan,7.26
Kamal Kapoor,6.3
Kamal Sadanah,4.0200000000000005
Kamal Swaroop,6.7
Kamini Kaushal,6.0249999999999995
Kamna,4.1
Kamna Singh Chandel,6.0
Kamran,5.0
Kamta Prasad,7.3
Kanan Kaushal,6.5
Kanchan,5.4
Kanchan Rawal,4.8
Kangana Ranaut,5.041666666666667
Kanhaiyalal Chaturvedi,6.92
Kanishka Singh Deo,5.5
Kanksha,4.1
Kannu Gill,5.95
Kanwaljeet Matharu,3.6
Kanwaljit Singh,5.4
Kapil Dev,5.599999999999999
Kapil Jhaveri,2.7999999999999994
Kapil Kaustubh Sharma,6.3
Karan,3.8
Karan Aanand,2.3
Karan Hukka,3.6
Karan Johar,5.599999999999999
Karan Kapoor,6.0
Karan Patel,7.8
Karan Sharma,4.6
Karan Veer Mehra,5.0
Karann Nathh,4.4
Karanvir Sharma,6.2
Kareena Kapoor,5.741860465116279
Karim Hajee,2.8
Karishma,6.3
Karishma Jhalani,7.2
Karisma Kapoor,4.4437500000000005
Karl Maass,6.0
Kartar Cheema,5.5
Kartik Krishnan,5.7
Kashish,6.6
Kathana,6.0
Katrina Kaif,5.218181818181818
Kaustav Ghosh,5.7
Kavi Shastri,5.2
Kavita Kiran,6.900000000000001
Kay Kay Menon,5.142857142857143
Keeya Khanna,3.8
Keshavrao Date,6.6
Ketan Kava,8.3
Ketki Dave,5.1
Kevin Mukherji,7.0
Khushboo Moharkar,5.7
Khushboo Upadhyay,7.033333333333334
Khushi Mukherjee,5.0
Kiara Advani,3.3200000000000003
Kim,6.400000000000001
Kim Sharma,4.7625
Kimi Katkar,5.266666666666667
Kimti Anand,4.9
Kiran,4.3
Kiran Bhatia,5.599999999999999
Kiran Gadalay,6.7
Kiran Janjani,4.6
Kiran Juneja,9.2
Kiran Kumar,5.019047619047619
Kiren Jogi,6.400000000000001
Kirron Kher,6.44
Kirti Kulhari,5.944444444444445
Kirti Shetty,5.5
Kishan Bahurupiya,6.5
Kishore Anand Bhanushali,4.1000000000000005
Kishore Kadam,6.8999999999999995
Kishore Kumar,6.4
Kishore Kumar G.,6.400000000000001
Kishore Sahu,6.325
Kishori Ambiye,7.599999999999999
Kishori Ballal,8.2
Kishori Shahane,6.4
Kitu Gidwani,6.6
Koel Purie,5.725
Konkona Sen Sharma,6.3500000000000005
Kota Srinivasa Rao,5.75
Koushik Sen,7.7
Kranti Prakash Jha,5.4
Krishan Dhawan,6.3
Krishang Trivedi,7.099999999999999
Krishna Abhishek,3.25
Krishna Chaturvedi,6.7
Krishna D.K.,7.0
Krishna Ghattamaneni,3.1
Krishna Kumari,4.8
Kriti Kharbanda,2.8
Kriti Malhotra,7.0
Kriti Sanon,5.3
Kriti Sharma,7.2
Kulbhushan Kharbanda,5.8
Kuldeep Ruhil,6.6
Kuldip Kaur,6.618181818181818
Kulraaj Anand,2.9
Kulraj Randhawa,6.0
Kumar Gaurav,6.074999999999999
Kumar Mayank,5.599999999999999
Kumari Naaz,6.816666666666666
Kumkum,6.957142857142857
Kumud Chuggani,6.3999999999999995
Kumud Mishra,7.214285714285714
Kunaal Roy Kapur,5.633333333333333
Kunal Kapoor,6.4875
Kunal Khemu,6.7
Kunal Nayyar,6.0
Kunal Shamshere Malla,5.5
Kunal Sharma,4.7
Kundan,7.3
Kunickaa Sadanand,5.025
Kurush Deboo,3.2600000000000002
Kushboo,5.25
Kusum Deshpande,7.2
Kyara Ralella Jacob,4.8
Kyra Dutt,4.2
Laila Khan,3.7000000000000006
Lakshmi,6.628571428571428
Lakshmi Manchu,3.1
Lakshvir Saran,6.6
Lal Chand,6.6
Lala Yaqoob,7.4
Lalit Mohan Tiwari,7.0
Lalit Parimoo,5.5
Lalit Tiwari,7.1
Lalita Pawar,6.911538461538462
Lalitha,6.7
Lankesh Bhardwaj,5.4
Lara Dutta,4.957142857142857
Lauren Gottlieb,4.3
Lavanya Rao,7.5
Laxmi Chhaya,6.444444444444445
Laxmikant Berde,5.084615384615384
Leela Chitnis,7.6
Leela Kumari,2.8
Leela Mishra,6.42
Leela Naidu,6.0
Leena Das,4.2
Lekha Washington,7.099999999999999
Leysan Karimova,6.1
Lillete Dubey,4.6
Lilliput,5.3
Lily Chakravarty,7.220000000000001
Lisa Haydon,8.2
Lisa Ray,5.76
Loha Singh,7.8
Lokesh Gorker,7.5
Lokesh Tilakdhari,8.9
Luke Kenny,7.7
Lynsey Pow,5.8
M. Kumar,6.757142857142857
M.N. Nambiar,3.7000000000000006
M.N. Rajam,4.5
M.S. Viswanathan,7.1
Maanuv Bharadwaj,6.400000000000001
Madalina Bellariu Ion,3.7
Madan Puri,6.523529411764706
Madhavi,6.627272727272728
Madhoo,4.875
Madhu,7.7
Madhu Bhagat,8.1
Madhu Malhotra,5.0
Madhu Narayan,7.8
Madhubala,7.220000000000001
Madhukar,6.0
Madhur Mittal,6.5
Madhuri Bhattacharya,5.599999999999999
Madhuri Dixit,5.502857142857143
Madhurjeet Sarghi,5.1
Madhushree,4.8
Mahalakshmi Iyer,6.9
Mahendra Singh Rawat,7.4
Mahesh Anand,3.0
Mahesh Balraj,4.9
Mahesh Bhatt,7.159999999999999
Mahesh Gahalot,8.0
Mahesh Kaul,7.2
Mahesh Manjrekar,3.8588235294117643
Mahesh Thakur,3.7
Mahie Gill,6.0
Mahima A,5.5
Mahima Chaudhry,5.277272727272727
Mahinder Shera,3.1
Mahipal,6.2
Mahua Roy Chowdhury,7.2
Makarand Anaspure,6.3
Makrand Deshpande,6.630769230769231
Mala Sinha,6.783333333333333
Malasri,6.0
Malavikka,4.3
Malay Chakrabarty,6.5
Malini Sharma,6.5
Mallika Kapoor,5.400000000000001
Mallika Sarabhai,5.1
Mallika Sherawat,3.425
Mamta Kulkarni,5.074999999999999
Man Singh,7.3
Manabendra Das,6.8
Manav Kaul,5.957142857142857
Manav Vij,7.3
Mandakini,5.8
Mandakini Goswami,6.5
Mandana Karimi,5.2
Mandeep Kaur,6.7
Mandira Bedi,5.75
Manek Bedi,5.400000000000001
Manher Desai,5.916666666666667
Maninder Wasu,6.8
Manish Chaudhary,4.9
Manish Dayal,6.94
Manish Garg,7.1
Manish Paul,6.400000000000001
Manish Sharma,4.4
Manish Wadhwa,5.599999999999999
Manisha Kelkar,8.2
Manisha Koirala,5.722727272727273
Manit Joura,4.4
Manjari Fadnnis,5.133333333333334
Manjeet Kular,5.1
Manjot Singh,8.1
Manju Bharti,2.8
Manju Warrier,7.5
Manjul Azad,6.8
Manjunath Bhatt,7.3
Manmauji,4.3
Manmohan Krishna,6.7
Manohar Singh,5.725
Manoj Bajpayee,5.973333333333333
Manoj Bakshi,6.6
Manoj Chandila,7.9
Manoj Joshi,6.066666666666666
Manoj Kumar,6.971428571428571
Manoj Pahwa,7.022222222222222
Manoj Shah,6.2
Manorama,7.0
Mansi Dovhal,3.1
Mansi Upadhyay,7.3
Mantra Mugdh,6.8
Manu Rishi Chadha,6.933333333333334
Manveer Choudhary,7.6
Manya Gupta,6.8
Marc Zuber,7.1
Maria Menado,6.5
Master Adil,7.0
Master Aniket,8.1
Master Bhagwan,5.683333333333334
Master Bunty,6.9
Master Hardik Khanna,6.0
Master Jaffer,7.9
Master Makrand,6.3
Master Ravi,5.6
Mawra Hocane,7.400000000000001
Maya Alagh,4.5
Maya Devi,5.5
Mayak Jain,7.0
Mayilsamy,6.0
Mayuri Kango,4.6
Mazhar Khan,4.675
Meena,5.25
Meena Kumari,6.8428571428571425
Meena Rai,6.0
Meenakshi Sheshadri,5.5826086956521745
Meenal Dixit,9.0
Meenu Bhardwaj,6.5
Meera,6.3
Megh Pant,6.6
Megha,3.8
Megha Akash,6.3
Megha Burman,3.2999999999999994
Meghan Jadhav,3.4
Meghna Naidu,5.3
Mehak Manwani,6.3
Mehdi Nebbou,7.8
Meher Vij,5.275
Mehmood,6.632352941176471
Mehmood Jr.,5.400000000000001
Mehtab,6.9
Meiyang Chang,6.0
Metin Ahmet,5.2
Michael Clarke Duncan,3.7000000000000006
Mihiresh Joshi,7.3
Mike Hussey,3.8
Mikhill Chandiramani,3.6
Milind Gunaji,5.7272727272727275
Minissha Lamba,4.875
Minoo Mumtaz,6.3500000000000005
Mir Mohammed Mehroos,6.9
Misha Ghoshal,6.7
Mishti,6.8
Mita Vashisht,7.012499999999999
Mithila Palkar,7.0
Mithu Mukherjee,5.599999999999999
Mithun Chakraborty,5.80943396226415
Mithun Purandare,3.6
Mohamad Ali Fardin,6.5
Mohamad Khan,6.7
Mohammad Afzal,6.2
Mohammed Ali Mir,5.8
Mohan,8.4
Mohan Agashe,5.1
Mohan Babu,5.4
Mohan Choti,4.05
Mohan Gokhale,6.425
Mohan Joshi,5.65625
Mohan Sherry,5.8
Mohanlal,3.9
Mohd Feroz Qureshi,6.4
Mohd. Zeeshan Ayyub,6.433333333333333
Mohini Ghosh,5.2
Mohini Nillakant,6.3
Mohini Sharma,7.9
Mohit Ahlawat,3.7000000000000006
Mohit Dutta,4.8
Mohit Ghai,3.2
Mohit Madaan,5.5
Mohit Marwah,8.1
Mohit Raina,6.5
Mohnish Bahl,5.21111111111111
Mohommed Ali Shah,6.3
Moin Khan,2.7
Mona Ambegaonkar,6.099999999999999
Mona Singh,8.4
Monal Gajjar,1.9
Monalisa,3.9
Monica,5.0
Monica Aggarwal,4.8
Monica Bedi,4.5600000000000005
Monica Gill,4.4
Monorama,6.5
Monu Dhankad,6.9
Moon Moon Sen,3.675
Motilal Khan,8.2
Moumita Nandi,8.8
Mouni Roy,6.44
Moushumi Chatterjee,6.212000000000001
Mridula Baruah,7.2
Mrinalini Chatterjee,6.1
Mrinalini Sharma,5.36
Mrunal Thakur,7.25
Mubarak,6.983333333333333
Mugdha Godse,5.925000000000001
Muhammad Fazrul,7.9
Mukesh Bhatt,4.2
Mukesh Ghatiya,5.9
Mukesh Khanna,4.609090909090909
Mukesh Ramani,7.5
Mukesh Rishi,6.4
Mukesh S. Bhatt,6.8
Mukesh Tiwari,4.15
Mukri,6.900000000000001
Mukul Dev,5.0
Mukul Sharma,6.6
Mumait Khan,3.4
Mumtaz,6.408695652173913
Mumtaz Ali,6.8
Mumtaz Begum,5.225
Munmun Guha,5.7
Muntazir Ahmad,5.1
Murli Sharma,5.0
Mursaleem Qureshi,5.5
Mushtaq Ali,6.75
Mushtaq Khan,3.1666666666666665
Musskan Sethi,7.599999999999999
Muzaffar Ali,5.0
Muzahid Khan,3.5
Myra Karn,7.2
N.K. Pant,6.9
Nadira,6.676923076923076
Nadira Babbar,6.2
Nafisa Ali,3.0
Nagarjuna Akkineni,6.56
Nagesh Bhonsle,6.175
Nagma,4.9363636363636365
Naisha Arora,5.7
Najmul Hussain,6.5
Nakul Singh Sawhney,6.7
Nalan Kumarasamy,5.2
Nalini Chonkar,6.400000000000001
Nalini Jaywant,6.85
Nalneesh Neel,7.8
Namit Shah,5.3
Namitha,4.2
Namrata Kadam,5.9
Namrata Shirodkar,5.414285714285714
Nana Patekar,6.4818181818181815
Nanda,6.825
Nanda Yadav,8.1
Nandana Sen,5.3
Nandini Jumani,6.2
Nandish Singh,8.0
Nandita Das,6.233333333333334
Nandlal Sharma,6.6
Nandu Madhav,5.75
Naren Kumar,4.2
Narendra Jetley,3.1
Narendra Nath,7.4
Nareshpal Singh Chouhan,7.3
Nargis,7.55
Nargis Fakhri,5.1
Naseeruddin Shah,6.48
Nasir Hussain,7.025
Nasir Khan,4.885714285714285
Nassar,5.61
Nassar Abdulla,3.866666666666667
Natasha,6.6
Nathan Jones,3.0
Nauheed Cyrusi,4.659999999999999
Nausheen Ali Sardar,5.8
Naved Aslam,4.2
Navin Nischol,5.335714285714286
Navni Parihar,5.6
Navnit Ravi Rana,3.1
Navpreet Moti,6.2
Nawab Kashmiri,5.6
Nawab Shah,3.7999999999999994
Nawaz Khan,3.8
Nawazuddin Siddiqui,6.428571428571429
Nayani Dixit,6.9
Nazanin Boniadi,7.599999999999999
Nazia Hussain,5.0
Nazima,6.5181818181818185
Nazira,6.1
Nazneen,5.76
Neel Arvind,3.4
Neelam Kothari,5.242857142857142
Neelam Mehra,4.8
Neelam Shirke,7.4
Neelima Azim,5.325
Neelu Hasan,4.4
Neelu Kohli,5.3
Neena Gupta,5.7
Neena Kulkarni,6.933333333333334
Neeraj Kabi,7.42
Neeru Bajwa,2.5
Neet Chowdhary,4.5
Neeta Mohindra,5.3
Neetu Chandra,5.6000000000000005
Neetu Chaudhary,6.5
Neetu Singh,6.635294117647058
Negar Khan,5.3
Neha Chauhan,7.099999999999999
Neha Dhupia,4.260869565217392
Neha Ghelot,2.6
Neha Kargeti,5.7
Neha Pal Chowdhury,6.8
Neha Singh,6.6
Neil Bhoopalam,6.3
Neil Nitin Mukesh,5.841666666666666
Nelson Liao Sheng Hua,6.2
Nethra Raghuraman,5.0
Nicole Faria,2.7
Nidhi Bhardwaj,2.4
Nidhi Mahila,5.8
Nidhi Singh,3.7
Nigaar Khan,3.3
Nigar Sultana,7.159999999999999
Nikhil Bansal,7.2
Nikhil Chavan,6.0
Nikhil Chinappa,6.1
Nikhil Mahar,9.3
Nikhilesh,5.0
Niki Walia,4.5
Nikita Dutta,7.099999999999999
Nilay Dave,7.6
Nilofar,5.0
Nilofar Gesawat,7.0
Nimmi,6.2
Ninad Kamat,7.6
Nirab Hossain,4.0
Niranjan Sharma,6.5
Nirmal Pandey,6.7
Nirmal Rishi,7.6
Nirmiti Sawant,4.4
Nirosha,6.2
Nirupa Roy,6.554545454545455
Nisha Bains,6.1
Nisha Rawal,3.4
Nishant Balgovind,2.9
Nishant Dahiya,6.900000000000001
Nishant Kumar,4.0
Nishant Malkani,4.0
Nishi,6.2
Nishigandha Wad,6.3
Nishikant Dixit,7.2
Nishikant Kamat,6.8500000000000005
Nitish Bharadwaj,6.25
Nitya Shetty,7.0
Nivedita Bhattacharya,6.900000000000001
Nivetha Thomas,6.58
Nizhalgal Ravi,4.9
Noor Jehan,7.3
Nripati Chatterjee,7.3
Nupur Sharma,2.9
Nutan,6.028571428571429
Nutan Sinha,7.4
Nutan Surya,6.0
Nuthan Prasad,6.5
O.P. Ralhan,6.6
Odette Ferguson,5.900000000000001
Om Prakash,6.304545454545454
Om Puri,6.050000000000001
Om Shivpuri,6.484615384615385
Omi Vaidya,5.8
Omkar Das Manikpuri,3.6
Padam Bhola,3.7999999999999994
Padma Khanna,6.8
Padmini,6.676923076923076
Padmini Kapila,7.1
Padmini Kolhapure,5.517647058823529
Pahadi Sanyal,6.2
Paidi Jairaj,7.65
Paintal,6.3
Pallavi Joshi,6.6
Pallavi Sharda,6.9
Palomi Ghosh,7.0
Pandharibai,6.7
Pankaj Berry,4.7555555555555555
Pankaj Jha,5.4
Pankaj Kapur,6.492857142857143
Pankaj Tripathi,7.42
Pant Shirt Baba,7.3
Paoli Dam,5.3
Paras Randhawa,2.5
Paras Zutshi,9.3
Paresh Rawal,5.417142857142857
Parignya Pandya Shah,6.2
Parijaat Chakraborty,5.5
Parikshit Sahni,6.36
Parineeti Chopra,4.9
Parth Bhalerao,6.599999999999999
Parthaa Akerkar,5.3
Parveen Babi,6.13125
Parveen Bansala,7.0
Parveen Choudhary,6.966666666666666
Parvin Dabas,6.078571428571429
Pasupathy,3.2000000000000006
Pathy Aiyar,6.9
Paul Blackwell,2.2
Pawan,6.0
Pawan Kalyan,4.7
Pawan Malhotra,6.875
Payal Kumawat,5.0
Payal Malhotra,4.2
Payal Rohatgi,3.1
Payel Sarkar,4.7
Penelope Wilton,6.400000000000001
Perizaad Zorabian,5.2
Phuntsog Dolma,6.6
Pinky Chinoy,4.74
Piyush Mishra,7.2
Piyush Raina,2.4
Pooja Batra,5.075
Pooja Bedi,6.75
Pooja Bharti,6.625
Pooja Bhatt,5.141176470588235
Pooja Chauhan,4.5
Pooja Dadwal,2.6
Pooja Gupta,9.0
Pooja Kanwal,6.5
Pooja Kasekar,4.3
Pooja Salvi,5.8
Pooja Sawant,6.2
Pooja Thakur,3.6
Poonam Dasgupta,2.1
Poonam Dhillon,5.879166666666666
Poonam Gurung,6.8
Poonam Ingle,8.1
Poonam Jhawer,5.6
Poonam Kaur,5.8
Poonam Pandey,2.7
Poornima,6.1
Prabha,6.6
Prabhu Dayal,7.1
Prabhu Deva,3.6
Prachi Desai,5.0
Prachita Gujar,6.6
Pradeep Bhatnagar,7.2
Pradeep Kharab,3.5
Pradeep Kumar,6.478571428571429
Pradeep Singh Rawat,5.05
Pradeep Verma,6.3
Pradhuman Singh,4.966666666666666
Pragya Jaiswal,4.3
Prakash Jha,7.7
Prakash Raj,4.96875
Pramila,5.9
Pramod Bala,7.0
Pramod Goswami,3.2999999999999994
Pran,6.575409836065574
Pranab Chaudhary,5.4
Pranay Dixit,5.0
Pranay Narayan,6.2
Prasad Shikhare,6.0
Prasant Samadhar,4.3
Prasenjit Chatterjee,6.0
Prashant Narayanan,5.75
Prashant Rao,7.5
Prateek Goyal,8.6
Prateik,6.9
Pratibha Sinha,3.1
Pratik Kothari,6.6
Pratima Devi,7.300000000000001
Pravas Sarkar,7.1
Preet Bhatti,7.900000000000001
Preeti Bhutani,3.6
Preeti Chauhan,4.8
Preeti Gandwani,3.7
Preeti Jhangiani,3.725
Preeti Vissa,6.8
Preity Zinta,6.069999999999999
Prem Adib,6.400000000000001
Prem Chabra,3.3
Prem Chopra,6.36376811594203
Prem Krishan,5.2
Prem Nath,6.541379310344827
Prema,5.599999999999999
Prema Narayan,6.533333333333334
Premendra,5.9
Prerna Chawla,5.0
Prerna Vishwakarma,6.7
Prince Khan,7.4
Prince Pradeep,6.599999999999999
Prithvi,3.8499999999999996
Prithviraj Kapoor,7.900000000000001
Prithviraj Sukumaran,6.5
Pritika Chawla,5.0
Pritma Manohar,6.9
Priya,3.7000000000000006
Priya Gill,6.2
Priya Raman,6.3
Priyamani,7.2
Priyanka,5.3
Priyanka Bose,6.3500000000000005
Priyanka Chopra Jonas,5.264102564102564
Priyanka Mehta,4.4
Priyanka Sarkar,6.9
Priyanka Sharma,7.3
Priyanshu Chatterjee,4.6499999999999995
Puja Gupta,2.3
Pulkit Samrat,7.5
Puneet Issar,4.5
Puneet Kumar Mishra,7.8
Purab Kohli,7.2
Purbi Joshi,4.0
Purneima Dey,6.5
Purnima,6.3
Purshottam Mulani,9.7
Purva Bedi,6.599999999999999
Purva Rana,6.2
Pushpa Hans,7.4
Pushpavalli,6.8
Pushpendra,4.3
Qasim Khan,7.4
R.K. Mama,6.8
R.P. Vishwam,6.8
Raaghavv Chanana,5.725
Raai Laxmi,6.900000000000001
Raaj Kumar,6.87
Raakesh Babu,6.3
Raashi Khanna,7.7
Rabi Ghosh,7.0
Rachana Banerjee,5.6
Rachel Saanchita Gupta,6.599999999999999
Radha,6.959999999999999
Radha Ravi,8.049999999999999
Radha Sagar,5.2
Radha Saluja,7.3
Radhakrishan,7.2
Radhika Apte,6.8
Radhika Jajodia,6.9
Radhika Sarathkumar,5.54
Raghav Juyal,5.8999999999999995
Raghu Khosla,6.7
Raghu Ram,6.099999999999999
Raghuvaran,5.199999999999999
Raghuvir Yadav,6.156000000000001
Ragini,5.066666666666666
Ragini Dwivedi,6.5
Rahul Bhatt,8.1
Rahul Bose,6.572727272727272
Rahul Dev,4.9714285714285715
Rahul Khanna,6.9
Rahul Ram,8.9
Rahul Ranade,7.4
Rahul Roy,4.3100000000000005
Rahul Singh,5.3
Raima Sen,6.827272727272727
Raj Arjun,7.8
Raj Babbar,5.529787234042553
Raj Gupta,6.7
Raj Hussain,6.2
Raj Hussein,4.0
Raj Kapoor,7.6
Raj Kiran,6.163157894736843
Raj Kumar,6.5
Raj Mehra,7.144444444444444
Raj Mehta,6.7
Raj Singh Verma,9.3
Raja Chaudhary,8.1
Rajan Haksar,6.5
Rajan Verma,2.7
Rajani,4.1
Rajasekhar,6.2
Rajasree Rajakumari,10.0
Rajasulochana,7.7
Rajat Bedi,4.8
Rajat Kapoor,6.01304347826087
Rajat Kaul,4.9
Rajeev Ashish,6.099999999999999
Rajeev Khandelwal,6.949999999999999
Rajeev Mehta,7.2
Rajeev Pillai,3.2
Rajendra Chawla,4.5
Rajendra Kumar,5.5777777777777775
Rajendranath Malhotra,6.76875
Rajesh Abhay,8.2
Rajesh Chowdhury,2.5
Rajesh Jais,5.3
Rajesh Kava,6.5
Rajesh Khanna,6.5
Rajesh Navgain,8.5
Rajesh Puri,6.0
Rajesh Sharma,5.928571428571429
Rajesh Vivek,6.3
Rajeshwari Sachdev,5.720000000000001
Rajinikanth,6.01875
Rajit Kapoor,6.7
Rajiv Kapoor,5.325
Rajiv Mishra,5.7
Rajiv Ranjan,6.8
Rajkumar,8.0
Rajkumar Kanojia,8.3
Rajkummar Rao,6.553846153846154
Rajlakshmi Devi,7.2
Rajni Basumatary,8.0
Rajni Sharma,6.425
Rajniesh Duggall,5.6571428571428575
Rajpal Yadav,5.8125
Rajshree,6.825
Rajshri,4.4
Rajshri Deshpande,6.1
Raju Barot,7.8
Raju Desai,6.0
Raju Maan,8.3
Raju Srivastava,5.0
Rakesh Bedi,5.441666666666666
Rakesh Pandey,6.345454545454545
Rakesh Roshan,6.597499999999999
Rakhee Gulzar,6.977777777777778
Rakhi Mansha,9.4
Rakshitha,5.1
Rakul Preet Singh,5.199999999999999
Ram Kapoor,5.136363636363637
Ram Singh,6.175
Ramachandra Hosur,8.0
Raman Atre,7.5
Rambha,5.046666666666667
Ramesh Deo,6.422222222222222
Ramesh Thapar,7.5
Rameshwari,5.58
Rami Reddy,5.279999999999999
Ramnita Chaudhry,7.7
Rampal Barsewal,7.1
Ramya Krishnan,6.220000000000001
Rana Daggubati,8.0
Rana Jung Bahadur,4.8
Ranajit Mohanty,6.5
Ranbir Kapoor,4.55
Randeep Hooda,5.083333333333333
Randhawa,5.599999999999999
Randhir,6.1
Randhir Kapoor,5.3500000000000005
Randhir Singh,5.3
Rani Mukerji,6.177777777777778
Rani Rajkumar,5.3
Ranjan,6.9
Ranjana,7.599999999999999
Ranjana Srivastava,7.5
Ranjeet,5.138888888888889
Ranjeet Jha,7.9
Ranjeeta Kaur,6.828571428571428
Ranjit Batra,7.2
Ranjit Deval,6.7
Ranjit Khajuria,6.7
Ranjit Mallick,6.2
Ranjitha,7.8
Ranveer Singh,8.0
Ranvir Shorey,6.464285714285714
Raphael Jose,7.5
Raqesh Bapat,5.1000000000000005
Rashami Desai,6.2
Rasheed Naz,7.5
Rashid Khan,7.220000000000001
Rashida Bee,8.0
Rashmi Chauhan,5.599999999999999
Rasika Dugal,4.125
Ratan Kumar,8.4
Rati Agnihotri,5.183333333333334
Ratna Pathak Shah,7.18
Ratu Rakuita Tawake,4.7
Raveena Tandon,5.5162790697674415
Ravi Behl,5.35
Ravi Jhankal,7.5
Ravi Khanvilkar,6.9
Ravi Kishan,5.6066666666666665
Ravi Kumar,4.55
Ravi Mathew,6.900000000000001
Ravi Menon,7.0
Ravi Shankar Chowdhary,7.5
Ravi Varma,6.8
Ravinddra Khare,7.8
Ravindra Kapoor,6.75
Raza Murad,4.875
Razak Khan,4.95
Reema Bishwokarma,6.8
Reema Lagoo,6.028571428571429
Reema Sen,4.1499999999999995
Reema Vohra,4.0
Reena Roy,5.674358974358975
Regina Cassandra,7.3
Rehana Sultan,6.2
Rehman,6.759090909090909
Rekha,6.257446808510639
Rekha Sabnis,7.5
Renuka Shahane,5.4
Resham Thakkar,3.2
Revathi,6.300000000000001
Rex Harrison,6.3
Rhea Chakraborty,5.900000000000001
Richa Chadha,5.9
Richa Meena,6.6
Richa Pallod,3.9
Richa Sharma,5.05
Richard Rishi,6.8
Riddhi Sen,6.5
Ridhi Jugran,7.0
Ridhima Grover,7.099999999999999
Riju Bajaj,7.0
Rimi,6.3
Rimi Sen,6.875
Rimple Dhindsa,5.1
Rinke Khanna,5.683333333333334
Rinku Ghosh,2.4
Rishaab Chauhaan,4.9
Rishabh Arora,2.7000000000000006
Rishi Bhutani,5.05
Rishi Kant,7.9
Rishi Kapoor,5.432075471698113
Rita Agarwal,5.5
Rita Bhaduri,5.742857142857143
Ritabhari Chakraborty,6.3
Riteish Deshmukh,5.1033333333333335
Ritu Shivpuri,6.1
Rituparna Sengupta,7.3
Rituparno Ghosh,7.2
Rituraj Singh Rathore,6.8
Ritvik Sahore,6.400000000000001
Ritwik Bhowmik,8.9
Riva Arora,3.4
Riva Kishan,4.4
Riya Sen,5.714285714285714
Riya Shukla,8.3
Rj Ajay,5.5
Robert Lang,6.6
Robin Das,6.925
Rohan Apte,4.2
Rohan Kapoor,4.5
Rohan Shah,4.3
Rohiet Nair,7.5
Rohini Hattangadi,7.228571428571429
Rohit Choudhary,5.9
Rohit Pathak,5.2
Rohit Rajawat,5.3
Rohit Roy,2.7000000000000006
Roja,6.1
Roni Bhatt,6.1
Ronit Roy,5.5625
Ronjini Chakraborty,5.9
Ronny Jhutti,3.6
Rooney Mara,8.0
Roopa Ganguly,7.15
Roopesh Kumar,6.3
Roopkamal,6.6
Roselyn Dsouza,3.5
Roshini Jaffery,5.3
Roshni,5.1
Roshni Chopra,6.3
Rosie Perez,4.1
Ruby Mayer,7.3
Ruchika Panday,4.2
Rudranil Ghosh,5.6
Rukhsar Rehman,7.1000000000000005
Ruma Guha Thakurta,6.8
Rumana Molla,3.766666666666667
Rupali Ganguly,6.4
Ruslaan Mumtaz,8.0
Russell Peters,5.7
Rutika Singh,3.6
S.A. Ashokan,6.2
S.N. Banerjee,5.1
S.N. Tripathi,5.9
S.V. Ranga Rao,7.0
Saadhika,4.425
Saanvi Dhiman,8.0
Saathi Ganguly,4.3
Sabitha Jayaraaj,4.4
Sabitri Chatterjee,6.5
Sabyasachi Chakrabarty,5.66
Sachiin Joshi,2.0
Sachin Chhabra,7.3
Sachin Khedekar,6.445454545454546
Sachin Pilgaonkar,6.8
Sada,5.1499999999999995
Sadashiv Amrapurkar,4.726666666666666
Sadhana,6.757142857142857
Sadhana Singh,6.1
Sadhu Meher,6.900000000000001
Sadiya Siddiqui,6.9
Saeed Jaffrey,6.34
Saeeda Imtiaz,3.9
Sagar,5.1
Sagar Chawla,7.0
Sagar Kale,7.2
Sagar Nath Jha,6.2
Sagarika Ghatge,8.2
Saharsh Kumar Shukla,7.9
Sahil Choujar,7.9
Sahil Khan,4.2
Sahil Vaid,6.028571428571428
Sahila Chaddha,3.5
Sai Ballal,3.3
Sai Kumar,5.6
Sai Srinivas Bellamkonda,6.5
Sai Tamhankar,7.0
Saif Ali Khan,5.84
Sailesh Kumar,6.033333333333334
Sajid Sheikh,4.0
Sajjan,6.7
Sakshi Dwivedi,6.3
Salah Benlemqawanssa,5.1
Salil Ankola,5.7
Salim Ghouse,7.6
Salima Raza,8.0
Sally Bankes,5.599999999999999
Salma Agha,5.7
Salman Khan,5.6033333333333335
Salman Shahid,6.8
Sal�me Gunnarsd�ttir,5.6
Sambhavna Sheth,3.9
Sameer Dharmadhikari,5.6
Sameer Khan,7.3
Sameer Malhotra,1.7
Sameera Reddy,3.2999999999999994
Sami Darr,6.8
Samit Bhanja,7.9
Sammir Dattani,5.616666666666666
Samonica Shrivastava,5.1
Samrat Chakrabarti,4.9
Samson,4.8
Samuel Kamble,8.2
Samuthirakani,6.7
Samvid Anand,7.0
Sana Oberoi,1.8999999999999997
Sanam,5.7
Sanath Menon,7.5
Sandali Sinha,7.5
Sandeep Anand,3.6
Sandeep Kulkarni,6.733333333333333
Sandeep Sharma,5.7
Sandhya Mridul,7.014285714285714
Sandhya Roy,6.5
Sandra Larwin,9.0
Sang Hyun Uhm,6.8
Sangeeta Bijlani,5.3875
Sanjana Dipu,7.5
Sanjana Kapoor,6.275
Sanjay Dutt,5.433333333333334
Sanjay Kapoor,4.2214285714285715
Sanjay Khan,7.4
Sanjay Mishra,6.955555555555556
Sanjay Suri,5.4263157894736835
Sanjay Swaraj,3.9
Sanjeev Giriwer,6.2
Sanjeev Jaiswal,6.900000000000001
Sanjeev Kumar,6.795
Sanjeev Tiwari,3.25
Sanjiv Chopra,4.8
Sankalp Reddy,5.0
Sanya Malhotra,6.1
Sanyukta Timsina,6.6
Sapna Pabbi,4.0
Sapna Sappu,4.3999999999999995
Sapna Thakur,4.6
Sara Ali Khan,5.599999999999999
Sara Khan,6.2
Sara Loren,4.9
Sarabjeet Bindra,7.3
Sarah Jane Dias,4.733333333333333
Saranya Mohan,4.7
Sarath Babu,7.599999999999999
Sareh Far,6.1
Sarika,5.605555555555556
Sarika Singh,7.9
Sarita,6.900000000000001
Saroja Devi B.,7.8
Sarthak Pradhan,4.1
Sarvagya Jain,8.7
Saswata Chatterjee,6.5
Satarupa Das,3.4
Satbol Bhattacharya,7.2
Satendra,8.2
Sathyaraj,5.7444444444444445
Satiiysh Saarathy Sasho,2.1
Satish Dhaulakhandi,8.7
Satish Kaul,6.65
Satish Kaushik,5.446153846153846
Satish Shah,5.116666666666666
Satwant Kaur,7.2
Satya Prakash,5.5
Satyajit Sharma,3.4
Satyakam Anand,6.5
Satyanarayana Kaikala,6.55
Satyen Kumar,6.7
Satyendra Kapoor,6.008333333333333
Saumya Daan,6.1
Saurab Gharipurikar,5.8
Saurabh Bhardwaj,8.7
Saurabh Dubey,4.0249999999999995
Saurabh Kishore,6.4
Saurabh Sachdeva,5.1
Saurabh Shukla,5.79
Saurav Bagga,7.7
Savita Bajaj,6.9
Sayaji Shinde,7.7
Sayani Atish,6.1
Sayani Datta,4.5
Sayani Gupta,5.3
Sayantika Nath,7.2
Sayed Gul,5.9
Sayeeda Khan,7.3
Sayoni Mishra,7.0
Sayyed Iqbal Ahmed,7.2
Sebasti�n Silva,5.4
Seema,4.8
Seema Bhargava,6.9
Seema Biswas,5.921428571428572
Seema Deo,6.5200000000000005
Seema Kelkar,7.0
Sehenawaj Khan,7.900000000000001
Sejal Khanna,6.7
Shaad Randhawa,5.866666666666667
Shabana Azmi,6.691304347826088
Shabbir,4.3
Shabnam,6.333333333333333
Shadab Khan,6.0
Shafi Inamdar,4.385714285714286
Shah Nawaz,6.85
Shah Rukh Khan,6.423529411764706
Shahana Goswami,5.6499999999999995
Shahbaaz Khan,5.0600000000000005
Shahi Kapoor,6.5
Shahid Kapoor,5.9125
Shahid Khan,5.0
Shail Chaturvedi,7.4
Shailendra Singh,6.16
Shaina Baweja,6.4
Shaista Usta,4.5
Shakeela Bano Bhopali,6.8
Shakila,6.355555555555556
Shakti Kapoor,5.316279069767441
Shakti Kumar,8.1
Shakuntala,6.2
Shalaka Apte,5.7
Shaleen Bhanot,6.6
Shalini Kapoor,4.0
Shama Deshpande,6.8
Shamim Basharat,6.4
Shamita Shetty,4.1
Shamji Dhana Kerasia,6.1
Shammi,7.3
Shammi Kapoor,5.93
Shanta Apte,3.1
Shanti Priya,6.0
Sharad Kelkar,7.166666666666667
Sharad S. Kapoor,5.133333333333334
Sharada,6.3
Sharapanjara Iyengar,7.099999999999999
Sharat Babu,4.3
Sharat Saxena,6.0
Sharbani Mukherji,6.8
Sharda,7.1
Sharman Joshi,6.425000000000001
Sharmila Tagore,6.077777777777778
Sharokh Bharucha,5.2
Sharvani Suryavanshi,6.9
Shashank Arora,5.5
Shashanka Ghosh,5.9
Shashi Bhushan,7.5
Shashi Chaturvedi,7.3
Shashi Kapoor,6.391304347826087
Shashi Puri,4.2
Shashi Sharma,6.9
Shashi Wadia,4.2
Shashikala,6.785294117647059
Shatakshi Gupta,5.7
Shatrughan Sinha,6.177966101694915
Shaurya Chauhan,7.099999999999999
Shawar Ali,3.3
Shayan Munshi,7.0
Sheeba,4.5
Sheeba Bhakri,3.7999999999999994
Sheeba Chaddha,6.24
Sheela Kaur,6.0
Sheela Sharma,5.8
Sheet Chhabra,6.2
Sheetal Menon,8.0
Sheetal Thakur,6.7
Shefali Shah,6.966666666666667
Shehnaz Anand,6.4
Shehzad Khan,3.1
Sheikh Mukhtar,7.1
Sheila Ramani,6.9
Shekar Kotyan,5.7
Shekhar Bhonsle,6.2
Shekhar Chatterjee,7.45
Shekhar Kapur,5.96
Shekhar Suman,4.550000000000001
Shenaz Treasury,6.0
Shernaz Patel,7.733333333333333
Shibani Bedi,8.3
Shikha Itkan,7.2
Shiladitya Sen,7.6
Shilpa Shetty Kundra,4.8549999999999995
Shilpa Shirodkar,4.4875
Shilpa Tulaskar,5.9
Shiney Ahuja,5.75
Shirin Banu,6.6
Shirley Setia,5.8
Shishir Jha,7.2
Shiv Panditt,5.75
Shivaani Ghai,6.2
Shivaji Satam,5.06
Shivani Joshi,6.7
Shivani Raghuvanshi,7.599999999999999
Shivani Tanksale,6.466666666666666
Shivraj,7.6
Shloka Pandit,5.6
Shoaib Lokhandwala,5.3
Shoib Khan,3.8
Shoib Shah,6.0
Shourya Deep,8.1
Showkar Janaki,6.599999999999999
Shraddha Das,4.4
Shraddha Kapoor,5.08
Shrashti Maheshwari,4.9
Shray Rai Tiwari,7.5
Shree Bhagwan,5.599999999999999
Shreeram Lagoo,6.071428571428571
Shreya Chaudhary,5.8
Shreyas Talpade,3.533333333333333
Shri Vallabh Vyas,6.8
Shrikant Moghe,6.6
Shriya Fule,7.3
Shriya Pilgaonkar,6.357142857142857
Shriya Saran,4.9624999999999995
Shruti Haasan,5.6
Shubh Joshi,5.400000000000001
Shubh Mukherjee,6.5
Shubha Khote,6.2
Shubham Kathe,3.5
Shubham Tukaram,6.8
Shweta Basu Prasad,8.1
Shweta Bhardwaj,3.7999999999999994
Shweta Kumar,2.1
Shweta Menon,2.6
Shyam Kumar,6.4
Shyam Sunder,7.4
Shyama,6.615384615384615
Shyamalee,6.0
Shyamkali Devi,8.1
Shyamlal,6.3
Sid Makkar,5.1
Siddesh,7.4
Siddhant Kapoor,4.46
Siddharth,7.55
Siddharth Bhardwaj,5.3
Siddharth Chandekar,6.5
Siddharth Dhawan,4.333333333333333
Siddharth Menon,7.0
Siddhu,6.2
Sidhant Salaria,4.1
Sikandar Kher,5.8
Sikandar Kureshi,6.2
Sikander Khan,5.75
Silk Smitha,6.599999999999999
Simi Garewal,6.8533333333333335
Simran,4.699999999999999
Simran Kaur Mundi,5.7
Simran Singh,6.2
Siraj Ahmed,8.0
Sita Spada,5.7
Sitara Devi,6.75
Smiley Suri,6.5
Smita Jaykar,6.0
Smita Patil,6.933333333333334
Smriti Biswas,6.2
Smriti Mishra,6.640000000000001
Sneha,2.9
Sneha Ullal,4.1000000000000005
Snehal Dabi,4.8
Snighdadeep Chatterji,6.133333333333333
Sobhita Dhulipala,6.6
Sofia Rosinsky,5.3
Sohail Khan,3.644444444444444
Sohrab Modi,6.3
Sohum Shah,6.7
Somy Ali,4.4
Sona,6.2
Sona Mastan Mirza,6.3
Sonakshi Sinha,3.764285714285714
Sonal Chauhan,5.16
Sonal Giani,6.599999999999999
Sonal Joshi,7.6
Sonal Kaushal,5.5
Sonal Sehgal,2.9
Sonali Bendre,5.279166666666666
Sonali Kulkarni,5.844444444444445
Sonam,4.7
Sonam Kapoor,7.1000000000000005
Soni Razdan,8.2
Sonia Sahni,6.35
Sonica Handa,4.4
Sonika Chopra,5.2
Sonnalli Seygall,4.575
Sonu Jha,7.5
Sonu Sood,5.636363636363637
Sonu Walia,6.199999999999999
Sophia Singh,6.1
Sophiya Chaudhary,5.0
Soumitra Chatterjee,5.3
Soundarya,5.571428571428571
Sourav Basak,7.6
Sowmya Bollapragada,7.3
Sreela Majumdar,6.7
Sreelekha Mitra,6.4
Sreenivasan,7.599999999999999
Sri T. Krishnamacharya,6.7
Sridevi,4.8052631578947365
Srinath,6.9
Sripradha,4.1
Srividya,5.3
Stephen McHattie,7.5
Stuti Dwivedi,6.400000000000001
Subhash Ghai,4.4
Subhasish Mukherjee,5.3
Subhendu Chatterjee,4.9
Subhi Sharma,5.1
Subodh Pramod,8.2
Subrat Dutta,7.139999999999999
Suchitra Pillai,4.7
Suchitra Sen,6.8
Sudarshan Juyal,9.0
Sudeep,6.68
Sudesh Berry,6.24
Sudesh Kumar,5.2
Sudha Chandran,5.400000000000001
Sudha Chopra,8.1
Sudheer Babu Posani,5.2
Sudhir Dalvi,5.25
Sudhir Kulkarni,7.2
Sudhir Pednekar,6.7
Sufi,4.4
Sugandha Garg,6.2
Sugna Devi,6.9
Suhaas Ahuja,4.9
Suhasini Mulay,5.35
Sujata Mehta,3.9
Sujit Kumar,6.282857142857143
Sujoy Ghosh,5.7
Sukhesh Arora,6.3
Sulabha Arya,3.7
Sulabha Deshpande,5.9
Sulakshana Pandit,5.385714285714286
Sulochana Latkar,6.730769230769231
Suman,7.5
Suman Ranganath,3.7
Sumeet Raghvan,5.9
Sumeet Saigal,4.62
Sumeet Sharma,6.8
Sumeet Thakur,7.0
Sumit Kaul,7.8
Sumit Suri,6.3
Sumita Chatterjee,3.0
Sumita Sanyal,7.583333333333333
Sumitra Devi,8.2
Sundarabai,6.4
Sunder,6.0125
Sunil Dutt,6.9750000000000005
Sunil Grover,6.050000000000001
Sunil Shetty,5.728571428571429
Sunita Mani,4.7
Sunny Deol,5.553846153846154
Sunny Gill Ambersariya,8.7
Sunny Hinduja,6.12
Sunny Leone,2.4
Sunny Singh Nijjar,5.8999999999999995
Suparna Moitra,5.5
Supriya Karnik,7.45
Supriya Pathak,7.1375
Suraj Sharma,6.099999999999999
Suraj Subba,7.0
Surekha,6.633333333333333
Surekha Sikri,6.25
Surendra,7.400000000000001
Surendra Pal,6.9
Suresh,7.5
Suresh Bhagwat,6.8
Suresh Chatwal,5.566666666666666
Suresh Gopi,4.5
Suresh Menon,7.7
Suresh Oberoi,5.268
Surinder Kaur,5.6
Suriya,5.6499999999999995
Surojit,6.5
Surveen Chawla,7.6
Surya Balakrishnan,5.599999999999999
Surya Kumari,7.400000000000001
Sushant Singh,5.781818181818182
Sushma Seth,7.3
Sushma Sharma,3.9
Sushmita Sen,5.6875
Suvinder Vicky,7.400000000000001
Suzanna Mukherjee,4.550000000000001
Suzanne Bernert,6.0
Svar Kamble,5.7
Swara Bhaskar,6.6
Swaroop Sampat,6.400000000000001
Swaroopa Ghosh,2.7
Swati Sen,7.3
Sweety Chhabra,4.4
Syed Mohammed,7.4
T.K. Chowdhary,6.099999999999999
Taapsee Pannu,5.05
Tabu,5.783333333333333
Tahir Khan,4.4
Tahir Raj Bhasin,6.68
Tamanna Dipak,8.2
Tamannaah Bhatia,5.24
Tamsin Egerton,4.6
Tanikella Bharani,4.7
Tanmay Bhat,3.7999999999999994
Tannishtha Chatterjee,6.333333333333333
Tanuja,6.673913043478261
Tanushree Chakraborty,7.8
Tanushree Dutta,5.3999999999999995
Tanushri Basak,7.9
Tanveer,4.5
Tanvi Azmi,6.8
Tanya Daang,8.9
Tara Deshpande,6.1
Tara Shankar Misra,5.2
Tara Sutaria,2.9000000000000004
Tara-Alisha Berry,4.8
Tarakesh Chauhan,4.8
Tarina Patel,4.9
Tariq Shah,7.2
Tarun Arora,5.3
Tarun Bose,7.3
Tarun Ratnani,7.8
Tejaswi Bm,8.1
Tejaswini Kolhapure,8.0
Tejeshwar Singh,6.6
Tenzing Dalha,7.4
Thomas Munro,7.5
Thoppil Bhasi,6.5
Tia Bajpai,5.8
Tiger Joginder,6.2
Tigmanshu Dhulia,3.5
Tillotama Shome,7.8
Tina Ambani,6.183333333333334
Tina Desai,5.84
Tina Ghai,4.6
Tinnu Anand,5.616666666666667
Tisca Chopra,6.171428571428572
Tiwari,5.8
Toby Stephens,6.599999999999999
Tom Alter,6.866666666666667
Tom Wyner,6.8
Tota Roy Chowdhury,5.45
Tracy Ali,5.5
Trilok Kapoor,7.7
Trimala Adhikari,6.533333333333334
Tripti Mitra,7.4
Trupti Khamkar,5.9
Tulip Joshi,4.866666666666666
Tulna Butalia,4.9
Tulsi Chakraborty,6.7
Tushar Dalvi,6.900000000000001
Tusshar Kapoor,6.081818181818181
Twinkle Khanna,6.459999999999999
Uday Chopra,6.325
Uday Tikekar,5.4
Udayan Dixit,7.7
Udit Khurana,4.8
Udita Goswami,5.3
Ujjwal Chopra,4.1
Ulhas,6.927777777777778
Uma,6.8
Uma Verma,6.7
Umakant,7.2
Umakant Desai,6.599999999999999
Unni Mary,7.133333333333334
Upasna Singh,6.6
Upen Patel,2.5
Upendra Limaye,5.1
Urmila,6.033333333333334
Urmila Bhatt,5.4
Urmila Mahanta,5.6
Urmila Matondkar,6.159375
Usha Dutta,6.4
Usha Jadhav,5.3
Usha Kiran,7.238461538461538
Usha Nadkarni,6.35
Usha Uthup,6.9
Ushma Rathod,3.4
Usman Rao,3.6
Utpal Dutt,6.625
Uttam Halder,4.4
Uttam Kumar,7.3
Uttara Baokar,7.3
V.H. Desai,7.2
V.M. Badola,4.6
Vaani Kapoor,6.5
Vadivelu,5.6000000000000005
Vagai Chandrasekar,3.6
Vaishnavi Dhanraj,5.5
Vaishnavi Kadam,4.0
Vaishnavi Karmarkar,7.3
Valentina Corti,7.8
Vandana Chopra,5.8
Vandana Gupta,6.8
Vani Ganpati,5.1
Varalakshmi S.,7.5
Varsha Usgaonkar,6.2
Varun Badola,4.9
Varun Dhawan,5.2
Varun Mitra,5.0
Varun Sharma,5.45
Vasan Bala,7.7
Vasant Ingle,5.7
Vasanti,6.1
Vasuki,8.1
Vasundhara Das,4.4
Veena,6.975
Veena Malik,2.7000000000000006
Veera,6.5
Venkatesh Daggubati,8.1
Vibha Tyagi,8.3
Vibhawari Deshpande,7.8
Vicky Kaushal,7.225
Vidya Balan,6.892307692307692
Vidya Bhushan,6.2
Vidya Malvade,5.3
Vidya Sinha,6.92
Vidyut Jammwal,5.75
Vijay Adhav,5.2
Vijay Anand,7.359999999999999
Vijay Arora,6.577777777777778
Vijay Babu,7.1
Vijay Dutt,5.0
Vijay Jora,7.0
Vijay Maurya,4.6
Vijay Meenu,3.7
Vijay Raaz,6.0625
Vijay Thakur,9.3
Vijay Varma,7.2
Vijaya Choudhury,6.285714285714286
Vijayakumar,6.5
Vijayalaxmi,6.7875
Vijayant Kohli,5.0
Vijayata Pandit,6.5
Vijayendra Ghatge,5.991666666666667
Vijayshanti,7.2
Viju Khote,5.5
Vijya Laxmi,7.8
Vikas Anand,4.15
Vikas Bhalla,5.38
Vikas Katyal,5.3
Vikas Sachdeva,7.9
Vikas Shrivastav,5.6
Vikas Shukla,7.2
Vikas Verma,4.1
Vikhyat Swades,5.3
Vikram Acharya,7.099999999999999
Vikram Bhatt,4.7
Vikram Dahiya,5.900000000000001
Vikram Gokhale,5.26
Vikram Inamdar,7.2
Vikram Kapoor,7.6
Vikram Makandar,6.4
Vikram Singh,4.2
Vikramjeet Virk,3.5
Vikrant Massey,4.4
Vimala Raman,4.9
Vimala Vasishta,6.9
Vinay Forrt,5.2
Vinay Jain,6.099999999999999
Vinay Kale,7.0
Vinay Pandey,4.5
Vinay Pathak,7.2
Vinay Virmani,6.2
Vineet Kumar,4.2
Vineet Raina,7.7
Vineeta Malik,5.3
Vinod Jaywant,3.9
Vinod Khanna,6.1085714285714285
Vinod Mehra,5.9743589743589745
Vinod Nagpal,6.6
Vinod Tripathi,5.2
Vipin Sharma,6.76
Vir Das,6.671428571428571
Viraj,7.6
Virendra Razdan,7.6
Virendra Saxena,7.1
Virti Vaghani,6.3
Vishal Agarwala,3.6
Vishal Bhatt,4.9
Vishal Bhonsle,3.2
Vishal Karwal,4.1
Vishal Kumar,7.0
Vishal Malhotra,5.2
Vishal Om Prakash,6.900000000000001
Vishesh Bansal,7.599999999999999
Vishnuvardhan,5.433333333333334
Vivan Bhatena,2.8
Vivek,4.050000000000001
Vivek Anand,5.7
Vivek Chatterjee,7.7
Vivek Jha,6.8
Vivek Mushran,6.225
Vivek Oberoi,3.72
Vriddhi Patwa,5.4
Vyjayanthimala,7.4071428571428575
Waheeda Rehman,6.2733333333333325
Wajahat Habibullah,6.8
Waluscha De Sousa,1.8
Warina Hussain,3.0
Y.G. Mahendran,6.75
Yami Gautam,5.622222222222223
Yana Gupta,7.05
Yash Chaturvedi,5.6
Yash Rajpara,5.400000000000001
Yash Tonk,3.79
Yashodra Katju,6.7
Yashpal Sharma,6.671428571428572
Yashvi Chhabra,8.6
Yashwant Anand Gupta,6.5
Yashwant Dutt,7.7
Yatin Karyekar,3.7999999999999994
Yogeeta Bali,6.542857142857143
Yogendra Tiku,7.599999999999999
Yogi Babu,3.8
Yograj Singh,6.4
Yovik,6.1
Yudhveer Bakoliya,6.8
Yunus Parvez,5.4
Yuvika Chaudhary,6.142857142857143
Yuvraaj Parashar,3.5
Zafar Karachiwala,6.9
Zaheera,6.25
Zain Khan Durrani,3.7999999999999994
Zaira Wasim,7.6
Zakir Husain,4.6
Zakir Hussain,5.128571428571428
Zala Akash,7.3
Zara Barring,6.2
Zara Shah,5.9
Zareen Khan,5.1
Zarine Ali,5.3
Zayed Khan,3.7636363636363637
Zeenat Aman,6.519354838709678
Zeeshan Khan,6.2
Zeishan Quadri,3.8
Zenobia Shroff,5.7
Zoya Hussain,7.85
Zulfi Sayed,3.3
