Director,MeanRating
A. Bhimsingh,6.810344827586207
A. Jagannathan,5.833333333333333
A. Majid,5.7
A. Muthu,3.0
A. Salaam,5.25
A. Shamsheer,6.0
A. Veerappan,6.0
A.C. Trilogchander,6.975
A.K. Bir,8.2
A.L. Vijay,5.5
A.M.R. Ramesh,6.900000000000001
A.P. Nagarajan,7.3
A.P. Subbaraav,6.599999999999999
A.R. Murugadoss,6.699999999999999
A.T. Joy,3.1
A.T. Raghu,5.1
Aadish Keluskar,6.0
Aakkoo,5.8
Aamir Bashir,6.4
Aamir Khan,8.4
Aamreeta Gautam,5.9
Aanand L. Rai,6.378571428571428
Aanand Raut,7.1
Aarif Sheikh,5.7
Aarti S. Bagdi,7.2
Aarun Nagar,7.0
Aaryaan Saxena,5.4
Aashish Chanana,6.2
Aatish Kapadia,7.2
Aban Bharucha Deohans,6.6
Abbas Alibhai Burmawalla,5.779245283018868
Abbas Tyrewala,6.8
Abdul Qayyoom Khan,4.1
Abdul Rashid Kardar,6.654545454545455
Abdul Sattar,8.8
Abhay Chhabra,6.6
Abhay Chopra,5.64
Abhigyan Jha,5.8
Abhijeet Kumar,6.099999999999999
Abhijit Kokate,4.7
Abhijit Panse,5.2
Abhimanyu Chauhan,7.7
Abhinav Kashyap,4.8999999999999995
Abhinav Shiv Tiwari,6.2
Abhinav Thakur,5.85
Abhinay Deo,6.433333333333334
Abhiraj Minawala,3.0
Abhiram,3.2999999999999994
Abhishek Chaubey,7.574999999999999
Abhishek Chhadha,4.7
Abhishek Dixit,5.7
Abhishek Dogra,4.85
Abhishek Jain,8.1
Abhishek Jawkar,4.3
Abhishek Kapoor,6.254545454545454
Abhishek Pathak,6.9
Abhishek Saxena,5.333333333333333
Abhishek Sharma,5.9
Abhishek Utkarsh Deokar,5.9
Abhishek Varman,5.58
Abir Sengupta,3.0
Abrar Alvi,8.3
Adam Avil,2.7
Adam Dow,6.099999999999999
Adarsh Eshwarappa,7.900000000000001
Adarsh Jain,5.3
Adeeb Rais,5.2
Adi Irani,4.3
Aditi Roy,7.1
Aditya Bhattacharya,7.5
Aditya Chopra,6.4363636363636365
Aditya Datt,5.123076923076923
Aditya Dhar,8.2
Aditya Kripalani,7.766666666666667
Aditya Om,6.425
Aditya Sarpotdar,6.9799999999999995
Aditya Warang,7.4
Adurthi Subba Rao,6.733333333333333
Advait Chandan,7.8
Afzal Ahmad,5.3
Agneya Singh,5.599999999999999
Agrawal Mukesh Narayan,4.0
Ahathian,4.96
Ahishor Solomon,5.599999999999999
Ahmed Khan,3.4899999999999998
Aijaz Khan,6.3999999999999995
Ajai Sinha,4.15
Ajay Bahl,7.25
Ajay Bhuyan,5.400000000000001
Ajay Chandhok,3.0785714285714287
Ajay Devaloka,5.1
Ajay Devgn,6.08
Ajay Govind,6.3
Ajay K Saklani,8.2
Ajay Karthik,7.099999999999999
Ajay Kashyap,4.825
Ajay Kumar,6.0
Ajay Lohan,2.9
Ajay Mehra,4.35
Ajay Naik,6.5
Ajay Pannalal,5.6
Ajay Phansekar,6.1
Ajay Yadav,3.65
Ajeet Kumar,7.0
Ajit Dewani,4.62
Ajit P. Bhairavkar,4.8
Ajit Pal Mangat,3.8
Ajit Singh Deol,6.1
Ajit Sinha,5.4
Ajit Varma,6.5
Ajita Suchitra Veera,8.1
Ajitpal Singh,6.8
Ajoy Varma,6.9
Akarsh Khurana,7.05
Akashdeep,3.5499999999999994
Akbar Khan,5.0
Akhil Gautam,7.9
Akhilesh Jaiswal,5.7
Akhilesh Verma,6.7
Akhtar Hussein,7.7
Akhtar Mirza,6.7
Akiv Ali,6.599999999999999
Akram Shaikh,3.1
Akshat Verma,6.3
Akshay Akkineni,6.2
Akshay Anand,4.8
Akshay Dinesh Vaishnav,6.9
Akshay Roy,6.0
Akshay Shere,6.0
Akshay Singh,8.4
Aku Akbar,3.5
Alankrita Shrivastava,5.671428571428572
Aleya Sen,3.7
Ali Abbas Zafar,5.2
Allyson Patel,5.599999999999999
Alo Sarkar,6.7
Alok Shrivastav,4.6
Aloknath Dixit,5.8
Amaan Khan,5.3
Aman Sachdeva,5.3
Amar Butala,3.7
Amar Kaushik,7.5
Amar Kumar,7.0
Amarjeet,6.975
Ambrish Sangal,5.4
Ameer Sultan,5.400000000000001
Amin Hajee,3.5
Amira Bhargava,6.6
Amit Agarwal,4.6
Amit Bose,6.8
Amit Dutta,7.6
Amit Kasaria,6.0
Amit Khanna,5.25
Amit Kumar,6.599999999999999
Amit Masurkar,7.4
Amit Mitra,8.2
Amit Rai,7.4
Amit Ravindernath Sharma,5.6
Amit Roy,6.6
Amit Saxena,4.4
Amit Singh,4.3
Amit Suryavanshi,5.1
Amitabha Singh,6.400000000000001
Amitoj Mann,6.2
Amiya Chakrabarty,6.938461538461539
Amjad Khan,3.35
Amol Palekar,6.781818181818181
Amol Shetge,4.34
Amole Gupte,6.466666666666667
Amrit Nahata,7.1
Amrit Raj Thakur,5.3
Amrit Sagar,6.58
Amy Thanawala,4.5
Anamika Haksar,6.1
Anand,4.74
Anand Balraj,3.9
Anand Dutta,6.1
Anand Gaekwad,4.2
Anand Gandhi,8.1
Anand P. Raju,7.8
Anand Patwardhan,7.8
Anand Sagar,6.7
Anand Surapur,5.1
Anand Tiwari,7.2
Anant Balani,5.455555555555556
Anant Thakur,7.7
Anant Tripathi,5.1
Ananth Narayan Mahadevan,5.480769230769231
Andaleeb Sultanpuri,4.8
Andreas Koefoed,6.8
Andrzej Bartkowiak,3.7000000000000006
Anees Bazmee,5.369696969696969
Ang Lee,7.900000000000001
Anil,5.7
Anil Bajpai,5.5
Anil Ballani,3.1
Anil Chaudhary,3.9
Anil Chorasiya,6.1
Anil Devgan,4.3
Anil Dhoble,5.7
Anil Ganguly,6.26551724137931
Anil Hingorani,6.400000000000001
Anil Mattoo,5.4375
Anil Mehta,6.2
Anil Naryani,6.2
Anil Senior,5.7
Anil Sharma,5.635483870967741
Anil Srikantam,5.4
Aniruddha Roy Chowdhury,7.540000000000001
Anirudh Chawla,3.5
Anish Khanna,2.6
Anjan Dutt,7.0
Anjanikumar Tripathi,8.0
Ankush,2.7000000000000006
Ankush Bhatt,5.7
Annant Jaaitpaal,4.6
Annu Kapoor,7.0
Anshai Lal,6.099999999999999
Anshul Sharma,7.1
Antara Mali,3.6
Anthony D'Souza,4.833333333333333
Anthony Maras,7.599999999999999
Anu Menon,6.459999999999999
Anubhav Sinha,5.433333333333334
Anup Das,4.4
Anup Kurian,6.033333333333334
Anup Samaddar,6.1
Anup Singh,5.9
Anupam Kher,5.5
Anupam Sinha,5.1
Anurag Basu,6.4071428571428575
Anurag Jha,5.550000000000001
Anurag Kashyap,7.465714285714286
Anurag Kawatra,8.5
Anurag Singh,5.4
Anusha Rizvi,7.4
Anvita Dutt,6.599999999999999
Anwer Khan,3.725
Aparna Sen,6.9624999999999995
Aparnaa Singh,6.3
Apoorva Lakhia,4.4399999999999995
Apurba Kishore Bir,5.933333333333334
Apurv Bajpai,4.4
Apurva Asrani,3.2999999999999994
Apurva Dhar Badgaiyann,7.0
Arati Kadav,5.7
Aravind Sen,6.025
Arbaaz Khan,4.8
Ardeshir Irani,6.2
Arif Ali,4.9
Arindam Mitra,6.8
Arindam Nandy,5.400000000000001
Arjun Bali,5.5
Arjun Hingorani,5.4399999999999995
Arjun Mukerjee,6.9
Arjun Sablok,4.1000000000000005
Arjun Sajnani,4.6
Arjun Sarja,4.3
Arka Ganguly,6.8
Arnab Chaudhuri,6.8
Aron Govil,5.8
Arshad Khan,4.8999999999999995
Arshad Siddiqui,7.3
Arun Bhatt,6.04
Arun Dutt,5.8
Arun Kaul,7.0
Arun Khopkar,6.2
Arun Kumar Rapolu,6.5
Aruna Raje,4.257142857142857
Arup Dutta,4.7
Arvind Pratap,9.4
Aryan Neeraaj Anand,9.0
Aryeman Ramsay,3.6
Asad Shan,5.2
Ashfaq Makrani,4.0
Ashim Ahluwalia,6.400000000000001
Ashim S. Samanta,5.4071428571428575
Ashima Chibber,6.400000000000001
Ashish Aryan,6.3
Ashish Deo,7.4
Ashish R. Mohan,4.3
Ashish R. Shukla,6.449999999999999
Ashok Ahuja,6.4
Ashok Chattopadhyay,6.4
Ashok G.,3.8
Ashok Gaekwad,4.878947368421053
Ashok Ghai,3.5
Ashok Honda,4.5200000000000005
Ashok Kaul,6.25
Ashok Kohli,2.9
Ashok Kumar,4.6
Ashok Mehta,5.55
Ashok Nanda,5.071428571428571
Ashok Roy,5.828571428571428
Ashok Tyagi,5.32
Ashok V. Bhushan,6.5
Ashok Yadav,5.7
Ashtar Sayed,5.45
Ashu Trikha,4.361538461538461
Ashutosh Gowariker,6.148
Ashvin Kumar,5.45
Ashwani Dhir,5.066666666666666
Ashwin Shetty,7.1
Ashwini Chaudhary,4.533333333333333
Ashwiny Iyer Tiwari,7.533333333333334
Asif Kapadia,6.7
Asit Kumar Sen,7.5
Asit Sen,7.125
Aslam Azmi,2.6
Aspi Irani,6.185714285714285
Asrani,5.590909090909091
Atanu Mukherjee,6.4
Atish Tripathi,7.7
Atlanta Nagendra,5.2
Atma Ram,5.665
Atul Agnihotri,3.85
Atul Sabharwal,6.1499999999999995
Atul Sriva,5.7
Avinash Das,5.433333333333334
Avinash Dhyani,5.3
Avinash Kumar Singh,6.6
Avinash Walzade,8.3
Avtar Bhogal,6.2
Awtar Krishna Kaul,6.9
Ayan Mukherjee,7.349999999999999
Ayush Raina,4.2
Azad Jain,6.8
Azhar Hussain,4.6
Aziz Khan,6.6
Aziz Mirza,6.3
Aziz Naser,6.05
Aziz Sejawal,4.863636363636363
Aziz Zee,4.0
B. Gupta,4.5
B. Krishna Rao,3.8
B. Padmanabham,6.466666666666666
B. Prasad,6.550000000000001
B. Ramakrishnaiah Panthulu,7.0
B. Trilochan,7.6
B. Vittalacharya,6.6
B.H. Tharun Kumar,3.96
B.K. Adarsh,4.9
B.R. Chopra,7.052941176470589
B.R. Ishara,5.62
B.S. Glaad,6.599999999999999
B.S. Thapa,5.0
Baba Azmi,6.7
Babbar Subhash,5.251851851851852
Babloo Seshadri,6.7
Baboobhai Bhanji,3.8
Babu Yogeswaran,3.1
Babubhai Mistry,6.535555555555556
Baby,4.6
Balasekaran,4.6
Balbir Wadhawan,6.7
Balmukund Tripathi,8.3
Balraj Tah,7.0
Balu Mahendra,8.4
Balvinder Sandhu,5.2
Banty Dubey,8.1
Bappaditya Bandopadhyay,5.45
Bappaditya Roy,7.2
Bapu,6.621052631578947
Basu Bhattacharya,7.177777777777779
Basu Chatterjee,6.8
Bat for Lashes,5.4
Batra Mohinder,6.2
Batul Mukhtiar,8.2
Bauddhayan Mukherji,6.9
Bedabrata Pain,7.3
Behzad Khambata,6.2
Bejoy Nambiar,6.954545454545454
Bela Negi,6.3
Bela Segal,4.2
Bhabendra Nath Saikia,7.2
Bhagwati Prasad Mishra,5.3
Bhagyaraj,6.44
Bhalji Pendharkar,7.866666666666667
Bhanu Pratap Singh,5.400000000000001
Bhappi Sonie,6.584
Bharat Jain,4.2
Bharat Kapoor,3.6500000000000004
Bharat Rangachary,5.3999999999999995
Bharathan,7.7
Bharathiraja,6.5125
Bhaskar Shetty,6.6
Bhavik Thakore,6.4
Bhavin Wadia,6.4
Bhavna Talwar,7.7
Bhimsain,6.9
Bhooshan Lal,3.8
Bhupender Gupta,3.2999999999999994
Bhushan Patel,3.9285714285714284
Bibhuti Mitra,6.35
Biju Bhaskar Nair,4.0
Bijukumar Damodaran,6.566666666666666
Bikas Ranjan Mishra,6.5
Bikramjeet Bhullar,5.2
Bimal Roy,7.430769230769231
Binod Pradhan,3.8
Binu Bhaskar,6.900000000000001
Bipin Nadkarni,7.5
Biplab Roy Chowdhury,6.1
Biren Nag,6.8999999999999995
Bishnu Dev Halder,6.4
Biswajeet Bora,6.6
Bobby Khan,3.7000000000000006
Bobby Raj,4.74
Boopathy Pandian,3.8
Bornila Chatterjee,7.2
Brahmanand S. Singh,8.233333333333333
Brij,6.857142857142857
Brijesh Batuknath Tripathi,2.8
Bruce Parry,7.4
Buddhadev Dasgupta,5.971428571428572
Bugs Bhargava Krishna,7.333333333333333
Bumpy,5.46
Bunty Soorma,4.8
C. Jenner Jose,6.2
C.H. Balaji Singh Babu,5.599999999999999
C.L. Rawal,6.3
C.M. Jain,3.9
C.P. Dixit,6.5375
C.V. Sasikumar,6.9
C.V. Sridhar,6.546666666666667
Chaitanya Tamhane,7.7
Chakri Toleti,2.55
Chand,5.1571428571428575
Chandan Arora,7.050000000000001
Chander H. Bahl,5.766666666666667
Chander Mishra,4.1
Chander Vohra,5.857142857142857
Chandersen Singh,4.8
Chandni Gupta,4.3
Chandra Barot,7.2
Chandra Prakash Dwivedi,7.0
Chandra Sekhar Yeleti,6.6
Chandrakant,6.2333333333333325
Chandrakant Kanse,6.2
Chandrakant Singh,3.9583333333333335
Chandrasekhar Reddy,7.0
Chandulal Shah,7.6
Chapour Haghighat,5.4
Charudutt Acharya,5.3
Chawla,7.1
Chella,3.0
Cherag Ruparel,8.0
Chetan Anand,7.011111111111112
Chetan Desai,5.900000000000001
Chinni Prakash,5.400000000000001
Chitraarth,8.1
Chittaranjan Tripathy,4.0
Chuck Russell,5.599999999999999
Csaba Bene Perlenberg,5.5
D. Rajendra Babu,6.271428571428571
D. Rama Naidu,4.8
D. Sumana Kittur,7.4
D.D. Kashyap,6.7125
D.N. Pai,6.5
D.S. Azad,4.125
Dada Kondke,6.8
Dada Mirasi,5.8
Dakxin Bajrange,5.4
Daniel Kremer,6.4
Danis Tanovic,7.3
Danish Aslam,5.2
Danish Raza,5.4
Danny Denzongpa,6.599999999999999
Dar Gai,7.0
Dara Singh,6.88
Darshan Sabharwal,5.599999999999999
Dasaradh,7.1
David Dhawan,5.275728155339806
Dayal Nihalani,4.425
Dayal Padmanabhan,8.4
Dayanand,5.7
Deb Medhekar,7.6
Deb Mukherjee,6.2
Debaki Bose,6.966666666666666
Debaloy Dey,3.575
Debarati Gupta,6.9
Debu Sen,7.2
Dedipya Joshii,7.35
Deekshit Kaul,4.6
Deepa Mehta,6.911111111111111
Deepa Sahi,5.3
Deepak Anand,5.574999999999999
Deepak Bahry,4.503448275862069
Deepak Baldev,7.8
Deepak Balraj Vij,5.423529411764706
Deepak Mahajan,7.900000000000001
Deepak Pawar,3.925
Deepak Ramsay,4.4
Deepak Ramteke,5.2
Deepak S. Shivdasani,4.031818181818182
Deepak Sareen,5.0625
Deepak Tanwar,4.0
Deepak Tijori,4.433333333333334
Deepshikha Nagpal,4.7
Deepti Kakkar,7.8
Desh Deepak,6.1
Desh Gautam,6.3
Desh Mukherjee,5.7
Dev Anand,5.456521739130435
Dev Benegal,6.68
Deva Katta,5.9
Devang Dholakia,2.5
Devanshu Singh,7.8
Devashish Makhija,6.925000000000001
Deven Bhojani,5.3
Deven Verma,5.416666666666667
Devendra Bhagat,7.4
Devendra Goel,6.64
Devesh Pratap Singh,4.8
Devi Sharma,5.8
Devika Bhagat,4.2
Dharam,4.7
Dharam Kumar,6.2
Dharam Prakash,4.2
Dharan Mandrayar,6.8
Dharani,7.0
Dharmendra Suresh Desai,5.9
Dharmesh Darshan,4.7444444444444445
Dharmesh Tiwari,6.8
Dhavala Satyam,6.6
Dheeraj Kumar,2.4
Dheeraj Pandit,3.7
Dhiraj Kumar,5.4
Dhirendra Bohra,5.8
Dhirubhai Desai,5.175
Dhorairaj Bhagavan,8.05
Dhruv,3.9
Dhruv Sachdev,8.0
Dhwanil Mehta,6.2
Diane Cheklich,6.3
Dibakar Banerjee,7.383333333333334
Digvijay Singh,7.0
Dilip Chitre,7.1
Dilip Ghosh,6.2
Dilip Gulati,5.233333333333333
Dilip Kumar,7.7
Dilip Mehta,5.4
Dilip Naik,5.5200000000000005
Dilip Shankar,5.2
Dilip Shukla,5.220000000000001
Dilip Sood,4.6
Dinesh D. Awasthi,3.9
Dinesh P. Bhonsle,4.5
Dinesh Parihar,7.5
Dinesh Vijan,5.1
Dinesh-Ramanesh,6.3
Dinkar Kapur,3.7999999999999994
Dinkar Rao,7.5
Dipankar Senapati,2.7
Dipanshu Dang,6.7
Dipesh Jain,7.1
Divakar Ghodake,4.3
Divya Khosla Kumar,2.95
Doondi,5.1
Dr. Jay,3.9
Dulal Guha,6.4375
Durai,6.3
Dushyant Pratap Singh,6.8
Dutta Madhusree,6.2
Dwarka Khosla,6.1499999999999995
Dylan Mohan Gray,7.7
E.V.V. Satyanarayana,6.35
Eeshwar Nivas,5.716666666666667
Ejaz Ahmed,4.433333333333334
Ejaz Gulab,5.8
Ekant Babani,4.9
Ektara Collective,8.1
Elan Dassani,4.7
Esmayeel Shroff,5.3999999999999995
Esshan Katara,6.8
Fahim Irshad,6.6
Faisal Kapdi,2.7
Faisal Khan,3.5
Faisal Saif,5.5
Faisal Simon,6.1
Faiza Ahmad Khan,8.0
Fali Mistry,6.7
Farah Khan,5.572727272727272
Faraz Haider,5.7
Faredoon A. Irani,6.3
Fareeda Mehta,6.2
Farhad Samji,3.5
Farhan Akhtar,7.575
Farogh Siddique,5.166666666666667
Faruk Kabir,6.585714285714286
Faruq Masudi,5.9
Fauzia Arshi,3.8
Fazil,6.3
Feroz Abbas Khan,7.0
Feroz Chinoy,5.677777777777778
Feroz Khan,5.531818181818182
Firoz Irani,5.0
Francesca Archibugi,6.3
Frank Gladstone,4.1
Franz Osten,6.211111111111111
Fuwad Khan,6.3
G. Krishna,3.1
G. Rakesh,6.0
G. Suman Reddy,8.0
G. Venugopal,4.6
G.B. Vijay,6.3
G.N. Rangarajan,6.3
G.P. Sippy,6.288888888888889
G.S. Murthy,8.4
G.S. Vijayan,5.3
G.V. Iyer,6.949999999999999
Gagan Puri,4.85
Gaganvihari Borate,6.7
Gajendra Ahire,7.0200000000000005
Gajendra Shanker Shrotriya,5.325
Ganapathy Bharat,6.2
Ganesh Acharya,4.96
Ganesh Mehta,7.9
Ganpati Bohra,4.2
Garth Davis,8.0
Gaurav Bakshi,7.0
Gaurav Mehra,7.5
Gaurav Pandey,2.6
Gaurav Panjwani,7.5
Gauravv K. Chawla,6.599999999999999
Gauri Shinde,7.68
Gautam Joshi,9.3
Gautam Singh,5.3
Gautam Verma,4.25
Gautham Vasudev Menon,6.75
Geethapriya,7.0
Geethu Mohandas,7.1499999999999995
Ghorban Mohammadpour,3.1999999999999997
Giresh Naik,4.6
Girish Dhamija,5.04
Girish Juneja,2.5
Girish Karnad,7.050000000000001
Girish Kasaravalli,7.2
Girish Malik,6.775
Gitanjali Rao,6.0
Glen Barreto,5.1
Goldie Behl,2.85
Gopal B.,5.826666666666667
Gopal Malhotra,4.9
Gopi Desai,6.1
Gopi Puthran,7.400000000000001
Gopi Sapru,4.4
Goran Paskaljevic,7.3
Goutam Ghose,7.040000000000001
Goutam Pawar,2.5
Govind Menon,3.0999999999999996
Govind Mishra,7.2
Govind Moonis,6.28
Govind Nihalani,7.227777777777778
Govind Sakariya,3.7
Govind Saraiya,6.4
Guddu Dhanoa,4.68125
Gul Bahar Singh,7.4
Gulshan Kumar,5.1
Gulzar,7.55
Gunveen Kaur,5.7
Gurdip Singh,5.900000000000001
Gurinder Chadha,6.45
Gurmeet Ram Rahim Singh,6.6499999999999995
Gurmmeet Singh,4.8625
Gurpreet Sondh,4.9
Guru Dutt,7.377777777777778
Gurudev Bhalla,4.6
Gurvinder Singh,7.1
Gyan Correa,6.1
Gyan Mukherjee,6.8
H. Dinesh,5.8
Habib Faisal,6.6
Hadi Abrar,3.65
Hadi ali Abar,3.3
Haidar Ali,6.7
Hameed Alam,4.5
Hamid Ali Khan,4.066666666666667
Hansal Mehta,6.283333333333333
Hanu Raghavapudi,5.900000000000001
Hardik Mehta,5.5
Hari Viswanath,3.7
Hari Walia,6.0
Harinam Singh,4.3
Harish Bhosle,4.4
Harish Kumar,5.5
Harish Raut,6.2
Harish Shah,5.62
Harish Sharma,6.8
Harish Vyas,6.7
Harmage Singh Kalirai,5.599999999999999
Harmesh Malhotra,5.553846153846154
Harnam Singh Rawail,6.675
Harry Baweja,4.617857142857143
Harryy W. Fernaandes,3.9
Harsh Chhaya,5.6
Harshavardhan Kulkarni,7.0
Harsukh Jagneshwar Bhatt,6.4125000000000005
Hasnain Hyderabadwala,4.4399999999999995
Hassan Nazer,5.6
Heena Dsouza,6.6
Hema Malini,3.5
Hemant Birje,5.0
Hemant Gaba,5.6
Hemant Hegde,5.1
Hemant Madhukar,3.6
Hemant N Mishra,8.6
Hemant Nilim Das,6.5
Hemanth Kumar,5.8
Hemen Gupta,7.2
Hemnt Praddeep,8.0
Himanshu Brahmbhatt,5.225
Himanshu Yadav,7.099999999999999
Hiren Nag,6.288888888888889
Hitesh Kewalya,5.8
Homi Adajania,6.325
Homi Wadia,5.65
Honey Irani,5.2
Honey Trehan,7.3
Honeypreet Insan,6.333333333333333
Howard Rosemeyer,4.4
Hriday Shetty,5.35
Hrishikesh Mukherjee,7.313846153846153
Hunsur Krishnamurthy,7.099999999999999
Hussein Khan,6.7
I.A. Siddique,5.7
I.S. Johar,6.53125
I.V. Sasi,6.513333333333334
Imran Khalid,4.4
Imran Khan,4.25
Imtiaz Ali,6.930434782608696
Imtiaz Punjabi,4.6
Inayat Mahshar,4.2
Inder Raj Anand,5.7
Inder Sen,6.7
Indervesh Yogee,6.6
Indra Kumar,5.246153846153846
Indrajit Lankesh,4.25
Indrajit Nattoji,5.0
Indranil Roychowdhury,7.6
Inka Acht�,6.9
Iqbal Baksh,5.9
Iqbal Durrani,5.366666666666666
Irene Zoe Alameda,5.9
Irfan Kamal,7.1
Irfan Khan,3.6
Irshad,6.400000000000001
Irshad Khan,4.8
Ishaan Nair,5.0
Ishaan Trivedi,3.733333333333333
Ismail Darbar,6.1
Ismail Memon,6.5
Ismail Merchant,6.449999999999999
Ismat Chughtai,6.0
Israr Ahmed,3.4
Ivan Ayr,7.0
J. Mahendran,7.0200000000000005
J. Misra,7.8
J. Om Prakash,5.543478260869565
J.D. Chakravarthi,5.18
J.J. Madan,6.0
J.K. Bihari,4.6
J.P. Dutta,6.068
J.S. Randhawa,5.7
Jabbar Patel,6.866666666666667
Jag Mundhra,4.43
Jagan,4.7
Jagan Shakti,6.5
Jagannath Chatterjee,6.3
Jagat Joon,7.05
Jagbir Dahiya,6.6
Jagdeep,5.6
Jagdev Bhambri,6.199999999999999
Jagdish A. Sharma,4.023529411764706
Jagdish Kadar,5.8
Jagdish Nirula,5.0
Jagdish Pandey,3.2000000000000006
Jagdish Rajpurohit,6.0
Jagdish Sidana,6.366666666666667
Jahnu Barua,6.6
Jai Tank,6.2
Jaideep Chopra,5.875
Jaideep Sen,4.2
Jaideep Varma,7.840000000000001
Jaidev Chakraborty,4.8
Jaimin Bal,5.733333333333333
Jain Rakesh,4.6
Jaiveer,3.2
Jalal Agha,5.8
Jambulingam,5.757142857142857
James Dodson,6.2
James Erskine,8.6
James Ivory,6.8
Jan Schmidt-Garre,6.7
Janak Toprani,5.6
Janaki Vishwanathan,3.6
Janmendra Ahuja,3.9
Japinder Kaur Baweja,3.7
Jasbir Bijender Bhati,5.5
Jasmine D'Souza,3.1
Jaspal Bhatti,7.4
Jaspal Singh,3.6
Jaswant Gangani,4.0
Jaswinder Chahal,6.6
Jatla Siddartha,7.400000000000001
Jawar N. Sitaraman,4.9
Jayabrato Chatterjee,5.1
Jayant Desai,7.085714285714286
Jayant Gilatar,5.266666666666667
Jayant Prabhakar,8.3
Jayanta Basu,7.3
Jayaprakash Radhakrishnan,6.7
Jayaraaj,5.9
Jayesh Pradhan,4.4
Jayoo,6.599999999999999
Jayoo Patwardhan,7.7
Jayprakkash Shaw,4.279999999999999
Jayveer Panghaal,3.5
Jean-Fran�ois Pouliot,6.0
Jeet Matharru,7.6
Jeethu Joseph,5.4
Jeetu,4.3
Jeetu Arora,5.8
Jeeva,4.8
Jeevitha,6.2
Jeffrey D. Brown,6.9
Jeffrey Gee Chin,7.9
Jehangir Surti,5.0
Jennifer Lynch,2.9
Jeong-beom Lee,6.8
Jeppi,3.7000000000000006
Jignesh V. Vaishnav,3.9
Jijo Punnoose,6.6000000000000005
Jijy Philip,6.099999999999999
Jiten,6.2
Jitendra Chawda,5.6
Jitendra Pawar,2.4
Jitendra Singh Naruka,4.4
Jitin Rawat,9.1
Joe Eshwar,6.599999999999999
Joe Rajan,5.5
Joel Palombo,6.7
Jogesh Sehdeva,6.8
Joginder Shelly,5.0
Johannes Roberts,5.3
John Hunt,6.2
John Madden,6.599999999999999
John Mathew Matthan,6.775
John Owen,7.099999999999999
Jojo D'Souza,5.5
Jonathan Augustin,7.2
Jose Punnoose,3.1
Joy Augustine,6.275
Joy Mukherjee,6.8
Jugal Debata,6.9
Jugal Hansraj,4.96
Jugal Kishore,5.5636363636363635
Jugal Raja,6.8
Justin John,6.7
Jwalamukhi,4.1
Jyoti Sarup,7.6
Jyoti Swaroop,6.56
Jyotin Goel,4.6
K. Amarnath,6.11
K. Asif,6.5
K. Balachander,7.260000000000001
K. Bapaiah,5.464583333333334
K. Bikram Singh,7.2
K. Hariharan,6.766666666666667
K. Mahesh Sukhadhare,6.7
K. Mishra,5.4
K. Muralimohana Rao,4.516666666666667
K. Pappu,5.016666666666667
K. Parvez,6.1
K. Raghavendra Rao,5.671794871794871
K. Ramanlal,6.0
K. Ravi Shankar,5.061538461538461
K. Shankar,6.7749999999999995
K. Shivram,3.1
K. Shrivastava,4.9
K. Subhash,4.6
K. Thankappan,7.1
K. Vijayan,6.5
K. Viswanath,6.1
K.B. Tilak,6.266666666666666
K.C. Bokadia,4.090625
K.C. Handra,2.7
K.D. Satyam,6.0
K.I. Sheikh,2.9
K.K. Singh,5.7
K.P. Sasi,6.7
K.P. Singh,8.3
K.R. Reddy,4.316666666666666
K.S. Adiyaman,4.6125
K.S. Gopalakrishnan,6.5
K.S. Prakash Rao,6.3
K.S. Ravi,5.5
K.S. Ravikumar,5.8999999999999995
K.S. Ravindra,4.7
K.S. Sethumadhavan,6.283333333333334
K.S.R. Das,6.6000000000000005
Kaashvi Nair,4.1
Kabeer Kaushik,5.275
Kabir Khan,6.270588235294118
Kabir Sadanand,4.6571428571428575
Kabir Singh Chowdhry,6.6
Kader Kashmiri,4.725
Kailash Bhandari,6.2
Kaizad Gustad,4.014285714285714
Kajal Naskar,5.5
Kalidas,6.111764705882353
Kalpana Lajmi,6.475
Kalpataru,5.678947368421053
Kamakhya Narayan Singh,7.8
Kamal,3.0
Kamal Amrohi,6.949999999999999
Kamal Haasan,7.390000000000001
Kamal K.M.,6.9
Kamal Majumdar,6.0
Kamal Nathani,6.2
Kamal Raj Bhasin,3.8
Kamal Sadanah,5.599999999999999
Kamal Sharma,6.3
Kamal Swaroop,7.1
Kamalakara Kameshwara Rao,8.2
Kamika Verma,7.0
Kanak Mishra,7.08
Kanika Batra,6.6
Kanishk Varma,5.0
Kanmani,4.0
Kannan,4.9
Kannan Iyer,5.7
Kannan Thamarakkulam,4.2
Kanti Shah,5.061290322580645
Kanu Behl,7.599999999999999
Kanwal Biala,6.099999999999999
Kanwal Sethi,6.640000000000001
Kapil Kapoor,6.12
Kapil Sharma,4.6
Kapri Vinod,5.92
Karan Anshuman,4.5
Karan Butani,3.7999999999999994
Karan Darra,4.0
Karan Gour,6.7
Karan Johar,6.566666666666666
Karan Kandhari,6.1
Karan Kashyap,4.933333333333334
Karan Malhotra,6.7
Karan Radhakrishna,4.8
Karan Razdan,4.0625
Karan Vishwanath Kashyap,4.4
Karanjeet Saluja,5.699999999999999
Karu Pazhaniappan,5.5
Karunesh Thakur,7.5
Kasam Ali,4.3
Kashinath,6.3
Kashmira Shah,4.9
Kathir,6.8
Kaushik Ghatak,5.7
Kaushik Roy,6.2
Kaustav Narayan Niyogi,3.4
Kawal Sharma,5.086666666666667
Kedar Kapoor,6.371428571428572
Kedar Shinde,5.1
Ken Ghosh,5.325
Kesar Matharu,3.6
Keshavrao Dhaiber,3.1
Keshhav Panneriy,5.4
Keshu Ramsay,5.6000000000000005
Ketan Anand,5.483333333333333
Ketan Desai,5.3428571428571425
Ketan Mehta,6.814285714285715
Keval P. Kashyap,5.65
Kewal Misra,5.32
Kewal Singh,3.7
Khalid Akhtar,5.333333333333333
Khalid Mohamed,5.64
Khalid Y. Batliwalla,5.8
Khushboo Ranka,8.7
Khwaja Ahmad Abbas,6.57391304347826
Kidar Nath Sharma,7.418181818181819
Kiran Kumar,5.4
Kiran Nakti,6.7
Kiran Ramsay,4.8
Kiran Rao,7.0
Kireet Khurana,5.325
Kirti Kumar,5.5
Kishan Shah,5.25
Kishan Shrikanth,7.2
Kishore Kumar,8.033333333333333
Kishore Sahu,6.342105263157895
Kishore Vyas,4.0
Kislay,7.9
Kodanda Rami Reddy A.,6.614285714285714
Kodi Ramakrishna,5.8
Kolli Pratyagatma,6.6000000000000005
Komal Tolani,8.6
Kompin Kemgumnird,5.900000000000001
Konkona Sen Sharma,7.5
Kookie Gulati,5.1499999999999995
Kottayam Chellappan,4.5
Kranthi Kumar,6.7
Kranti Kanad�,6.8
Krishan Chopra,6.16
Krishan Hooda,6.8
Krishna D.K.,6.633333333333333
Krishna Ghattamaneni,5.1
Krishna Kumar,6.2
Krishna Mishra,5.6
Krishna Shah,6.3
Krishna Vamsi,6.242857142857143
Krishnadev Yagnik,7.3
Krishnakant Pandya,5.2
Kshitij Sharma,6.0
Kukoo Kapoor,3.1
Kuku Kohli,5.175
Kumaar Aadarsh,5.3
Kumar Anand,3.7
Kumar Dave,6.8
Kumar Pradeep,4.6
Kumar Raj,5.5
Kumar Shahani,6.8
Kumud Chaudhary,6.1
Kunaal Roy Kapur,6.8
Kunal Deshmukh,6.15
Kunal Kohli,5.283333333333333
Kunal Shivdasani,3.7
Kunal Vijaykar,2.7999999999999994
Kunal v Singh,6.15
Kundan Kumar,4.8625
Kundan Shah,5.629411764705883
Kuntaa Nikkil,7.166666666666667
Kushal Ruia,6.7
Kushal Srivastava,5.6
Kushan Nandy,6.0200000000000005
L.V. Prasad,6.28421052631579
Lakhwinder Shabla,4.3
Lakshmikanth Chenna,6.8
Lal Vijay Shahdeo,6.6
Lalit Marathe,5.75
Lalit Mohan,4.9
Lalji B. Yadav,5.3
Lasse Hallstr�m,7.3
Lateef Binny,5.5
Latif Faiziyev,5.96
Latif Khan,4.7
Lawrence D'Souza,4.845454545454545
Lawrence Raghavendra,2.4
Laxman Singh,6.8
Laxman Utekar,6.3
Laxmikant Shetgaonkar,5.9
Leela Prasad,3.5
Leena Yadav,5.277777777777778
Lekh Tandon,6.8047619047619055
Lekhraj Bhakri,6.714285714285714
Leslee Udwin,8.2
Linda A�nouche,8.1
Lom Harsh,5.2
Lovely Singh,3.6
Luke Kenny,3.5
Luv Ranjan,7.12
M. Sadiq,6.227777777777778
M.A. Thirumugham,6.528571428571429
M.F. Hussain,5.0
M.L. Anand,7.6
M.R. Shahjahan,5.36
M.S. Ramesh,6.900000000000001
M.S. Sathyu,6.975
M.V. Raman,5.70909090909091
Madan,6.0
Madan Joshi,6.3
Madan Mohla,5.599999999999999
Madan Sinha,7.4
Madhu Ambat,6.2
Madhu M.,6.9
Madhur Bhandarkar,6.20952380952381
Madhureeta Anand,5.85
Mahender Singh,5.1
Mahendra Shah,3.2999999999999994
Mahendra Teredesai,4.9
Mahesh Bhatt,5.774712643678161
Mahesh Dattani,6.566666666666666
Mahesh Kapoor,5.1
Mahesh Kaul,6.355555555555556
Mahesh Kodiyal,6.7
Mahesh Kothare,6.699999999999999
Mahesh Manjrekar,5.953846153846153
Mahesh Mathai,7.1
Mahesh Nair,4.0
Mahesh Rajmane,6.5
Mahesh Tillekar,4.0
Mahesh Vaijnath Doijode,5.7
Mahmood Khan,7.2
Mahrukh Mirza,5.6
Mainak Dhar,4.8
Majid Majidi,7.0
Major Sundarrajan,6.8
Makrand Deshpande,4.8125
Mama,5.2
Manan Katohora,4.9
Manav Bhalla,6.0
Manav Kaul,7.7
Manav Sohal,5.5
Mandeep Kumar,5.8
Mandi Burman,6.0
Maneej Premnath,6.0
Maneesh Sharma,6.55
Mangal Anand,3.6
Mangal Chakravarty,5.0
Mangesh Hadawale,6.0
Mani Kaul,7.116666666666667
Mani Ratnam,6.811111111111112
Mani Shankar,5.614285714285715
Manik Chatterjee,7.0
Manika Sharma,5.7
Maninder Chana,5.8
Manish Acharya,7.0
Manish Gupta,6.211111111111111
Manish Harishankar,4.4
Manish Jha,6.875
Manish Manikpuri,5.4
Manish R. Khandelwal,5.4
Manish Saini,7.8
Manish Sharma,2.9
Manish Srivastav,3.1500000000000004
Manish Tiwary,6.0
Manish Vatssalya,4.8999999999999995
Manivannan,5.8
Manjari Makijany,6.599999999999999
Manjeet Singh,6.4
Manmohan Desai,6.537254901960784
Manmohan Krishna,6.0
Manmohan Sabir,3.9
Manobala,3.8
Manohar Nath Rangroo,5.9
Manoj Adhikari,6.8
Manoj Agrawal,4.34
Manoj Amarnani,5.4
Manoj J. Bhatia,5.16
Manoj K. Jha,7.400000000000001
Manoj Kumar,6.246666666666667
Manoj Palrecha,6.6
Manoj Sharma,5.566666666666666
Manoj Shidheshwari Tiwari,5.233333333333333
Manoj Singh,4.2
Mansi Dovhal,5.2
Mansoor Khan,7.2700000000000005
Manu Rewal,4.7
Manu Warrier,5.9
Maqbool Khan,4.05
Marco H�lser,8.2
Marina Libik,6.3
Marion Rodrigues,4.1
Master Bhagwan,6.5
Master Vinayak,5.4
Masud Mirza,4.3
Mayur Hardas,6.5
Mayur Katariya,7.8
Mazhar Kamran,6.8
Mazhar Khan,6.099999999999999
Meenal Dixit,9.0
Megastar Maharishi Aazaad,5.7
Megha Ramaswamy,5.4
Meghna Gulzar,6.485714285714286
Mehboob Khan,7.0346153846153845
Mehmood,6.3428571428571425
Mehran Amrohi,7.2
Mehrish,6.5
Mehul Kumar,5.38
Meraj,7.05
Michael Winterbottom,6.0
Mikhil Musale,6.2
Milan Luthria,5.766666666666667
Milann Ajmera,5.2
Milap Zaveri,4.17
Milind Dhaimade,7.8
Milind Gadagkar,3.2000000000000006
Milind Rau,6.8
Milind Ukey,6.633333333333334
Milroy Goes,6.0
Mira Nair,7.640000000000001
Mitali Ghoshal,6.1
Mitra Sen,8.2
Modhu Bose,6.800000000000001
Mohammed Hussain,6.18
Mohammed Israr Ansari,3.6
Mohan Bhakri,3.9
Mohan Choti,4.5
Mohan Dayaram Bhavnani,8.5
Mohan J. Bijlani,7.0
Mohan Kavia,7.6
Mohan Kumar,6.203571428571428
Mohan Savalkar,5.0
Mohan Segal,6.7749999999999995
Mohan Singh Kavia,5.8
Mohan Singh Rathor,5.7
Mohan Sinha,7.4
Mohana Krishna Indraganti,6.900000000000001
Mohanji Prasad,4.5
Mohd Feroz Qureshi,6.4
Mohibul Haque,3.5
Mohinder Pratap Singh,6.9
Mohit Goswami,6.0
Mohit Hussein,6.2
Mohit Priyadarshi,7.3
Mohit Suri,6.167647058823529
Mohit Takalkar,5.9
Mohsen Makhmalbaf,6.0
Mohsin Abrar,7.9
Moni Bhattacharjee,6.3999999999999995
Monjoy Joy Mukerji,6.1
Moosa Saleem,7.5
Moti B. Gidwani,5.533333333333334
Mozez Singh,6.1
Mridul Mahendra,7.6
Mrighdeep Lamba,6.800000000000001
Mrinal Sen,7.3
Mrityunjay Devvrat,6.7
Muazzam Beg,7.099999999999999
Mudassar Aziz,5.1875
Mukesh Chhabra,6.599999999999999
Mukesh Duggal,5.5
Mukesh Mishra,6.0
Mukesh Sharma,6.3
Mukhtar Ahmed,2.9
Mukul Abhyankar,5.8
Mukul Anand,6.17
Mukul Dutt,6.028571428571429
Munindra,2.7
Munish Bhardwaj,5.599999999999999
Munni Pankaj,9.4
Murali Nair,5.8
Murari Sinha,7.8
Murugan Kumaran,5.8
Mustafa Engineer,6.7
Mustufa Raj,4.2
Muzaffar Ali,5.9
N. Chandra,6.496296296296297
N. Linguswamy,6.9
N. Maharajan,4.3999999999999995
N. Narasimharao,6.8
N. Ragavan,5.3
N.D. Kothari,4.666666666666667
N.K. Vishwanathan,7.3
N.K. Ziree,5.599999999999999
N.R. Acharya,7.1
N.T. Rama Rao,7.7
Nabendu Ghosh,7.3
Nabh Kumar 'Raju',4.220000000000001
Nachiket Samant,7.7
Nadeem Khan,5.0
Naeem Siddiqui,6.3
Nag Ashwin,5.0
Nagesh Bhonsle,7.3
Nagesh Kukunoor,6.8
Nakul Singh Sawhney,6.7
Naman Nitin Mukesh,5.400000000000001
Nana Kldiashvili,7.6
Nanabhai Bhatt,6.0
Nandakishore,6.2
Nandita Das,7.4
Nandlal Jaswantlal,6.8625
Nanubhoy Vakil,6.8
Narayan Chauhan,8.1
Narayan k Sahu,5.3
Narayana Rao Dasari,5.579166666666667
Narendra Bedi,6.177777777777778
Narendra Singh,8.5
Narendra Suri,5.828571428571428
Naresh Kumar,5.85
Naresh Lalwani,5.3
Naresh Malhotra,4.7272727272727275
Naresh Saigal,6.777777777777778
Naseeruddin Shah,6.5
Nasir Hussain,6.896
Navaniat Singh,5.5
Navdeep Singh,7.366666666666666
Navin Batra,1.8999999999999997
Navjot Gulati,3.6
Navneet Behal,4.4
Nayan Pachori,4.5
Neelam r Singh,8.1
Neelu Arora,6.4
Neeraj Ghaywan,7.025
Neeraj Pandey,7.421428571428572
Neeraj Pathak,4.7875
Neeraj Udhwani,5.8
Neeraj Vora,5.2
Neerav Ghosh,7.1
Neil Biswas,5.6
Nemom Pushparaj,3.2
Nicholas Kharkongor,7.0
Nicholas Meyer,6.099999999999999
Nicolas Chevaillier,5.3
Nikhil Bhat,6.8
Nikhil Mahajan,7.3
Nikhil Mahar,9.3
Nikhil Pherwani,7.2
Nikhil Saini,5.7
Nikkhil Advani,5.722222222222222
Nila Madhab Panda,7.08
Nilay Dave,7.6
Niren Lahiri,7.3
Nisar Ahmad Ansari,6.085714285714286
Nishikant Kamat,7.3076923076923075
Nishil Sheth,6.8
Nishtha Jain,7.5
Nitesh Tiwari,7.88
Nitin Bose,6.7846153846153845
Nitin Chandra,6.7
Nitin Gupta,7.599999999999999
Nitin Kakkar,7.028571428571429
Nitin Manmohan,4.4
Nitin Raghunath,6.7
Nitya Mehra,5.3
Nivedita Basu,6.2
Nupur Asthana,6.2
Nusrat Sayyed,3.4
O.P. Goyle,5.8
O.P. Ralhan,6.675
Om Prakash,6.7
Om Raut,7.599999999999999
Om Sai Prakash,5.6
Omung Kumar,5.71
Onir,6.108333333333333
Ovais Khan,4.4
P. Chandrakumar,4.9
P. Chandrasekhar,3.8
P. Madhavan,6.375
P. Pullaiah,8.5
P. Sambasiva Rao,7.400000000000001
P. Satya,6.400000000000001
P. Vasu,4.585714285714286
P.A. Arun Prasad,5.366666666666667
P.C. Barua,6.75
P.D. Shenoy,7.2
P.L. Santoshi,6.23
P.P. Ghosh,5.1
Pa. Ranjith,6.4
Pablo C�sar,4.2
Pachhi,6.4
Padam Kumar,4.3
Padmakumar Narasimhamurthy,8.1
Pamela Rooks,6.7
Pammi Somal,5.066666666666667
Pan Nalin,7.166666666666667
Pankaj Advani,5.2
Pankaj Johar,7.9
Pankaj Kapur,4.7
Pankaj Kumar,7.2
Pankaj Parashar,5.733333333333333
Pankaj Saraswat,5.6
Panna Hossain,3.0
Pappu Palviendra,5.3
Pappu Verma,5.6
Param Gill,5.1
Parasuram,4.8
Pardeep Raja,4.7
Paresh Kamdar,5.9
Paresh Naik,5.5
Paresh Vinodray Savani,7.05
Paritosh Painter,4.2
Parmeet Sethi,6.0
Partho Ghosh,5.109375
Partho Mitra,5.2
Partho Sen-Gupta,6.2
Parvati Balagopalan,5.8
Parvati Menon,8.5
Parvin Dabas,4.8
Parvinder Singh Wraich,8.7
Pasanta Bal,5.3
Pattanna,5.7
Pavan Kaul,5.075
Pavan Kumar,5.7
Pavithran,5.1
Pawan Kripalani,5.65
Pawan Kumar,5.0
Pawan Kumar Sharma,6.5
Pawan k Shrivastava,6.6
Perarasu,2.8
Phani Majumdar,6.9
Pia Sukanya,4.5
Pinaki Bhushan Mukherji,6.1
Pinaki Chaudhuri,5.3
Piyush Bose,8.2
Piyush Dinker Pandya,6.599999999999999
Piyush Jha,6.400000000000001
Piyush Sharma,8.1
Pon Kumaran,7.2
Pooja Bhatt,4.2749999999999995
Prabhakar Meena Bhaskar Pant,6.2
Prabhakar Shukla,5.8
Prabhat Khanna,4.2
Prabhat Kumar,8.2
Prabhat Roy,7.1
Prabhat Sachdeva,8.1
Prabhu,6.5
Prabhu Deva,4.396296296296296
Prabhuraj,5.6
Prabu Solomon,9.1
Pradeep C. Shetty,3.2
Pradeep Kumawat,5.0
Pradeep Maini,5.0
Pradeep Sarkar,6.223076923076923
Pradip Krishen,7.2
Praful D.S. Tiwari,3.6
Praful Tiwari,4.0
Prajact Rebeloma,7.3
Prakash Arora,8.0
Prakash Jha,6.696153846153846
Prakash Kovelamudi,5.900000000000001
Prakash Mehra,6.285365853658536
Prakash Nambiar,5.7
Prakash Saini,3.8
Prakash Satam,6.1
Pramod Chakravorty,6.439473684210527
Pramod Mandloi,1.7
Pramod Pathak,8.7
Pranav Singh,5.7
Prashamit Chaudhury,6.4
Prashant Bhargava,6.2
Prashant Chadha,3.25
Prashant Gore,5.5
Prashant Johari,8.2
Prashant Nair,6.720000000000001
Prashant Nanda,7.199999999999999
Prashant Passy Pilley,6.4
Prashant Singh,4.4
Prashant Singh Rathore,5.7
Pratap Singh,4.5
Prateek Vats,7.4
Prathap Pothen,6.74
Pratik Mittal,8.4
Praveen Damle,7.3
Praveen Kumar,5.7
Praveen Morchhale,5.85
Praveenkanth,6.1
Pravesh Bhardwaj,4.2
Prawaal Raman,5.591666666666666
Prayag Raj,5.7749999999999995
Prem,7.3
Prem Chopra,3.3
Prem Kapoor,6.5
Prem Lalwani,4.05
Prem Narayan Arora,6.1
Prem Soni,3.6799999999999997
Premankur Atorthy,6.2
Premraaj,6.3
Prerna Wadhawan,4.1
Prince,6.0
Prithvi Konanur,8.0
Prithviraj Sukumaran,7.5
Pritish Chakraborty,6.1
Priya Krishnaswamy,7.3
Priyadarshan,6.316216216216216
Priyanka,6.8
Priyanka Singh,7.3
Prosit Roy,6.599999999999999
Puja Bedi,2.3
Pulkit,5.1
Punarvasu Naik,6.9
Puneet Issar,5.5
Puneet Khanna,5.7
Puneet Sira,5.0
Punit Malhotra,4.233333333333333
Puri Jagannadh,5.463636363636364
Pushan Kripalani,7.3
Pushkar Mahabal,7.5
Pushkar Manohar,5.7
Pushpdeep Bhardwaj,6.0
Pushpendra Nath Misra,5.5
Pushpendra Singh,6.833333333333333
Qasim Khallow,7.0
Qaushiq Mukherjee,4.95
R. Balki,6.9
R. Bhattacharya,4.8
R. Krishnamurthy,6.599999999999999
R. Krishnan,6.533333333333334
R. Madhesh,5.1
R. Mittal,4.975
R. Sundarajan,4.4
R. Thyagaraajan,5.666666666666667
R.C. Talwar,6.75
R.K. Nayyar,6.12
R.K. Selvamani,5.35
R.N.R. Manohar,6.0
R.P. Swamy,4.0
R.S. Choudhury,2.7
R.S. Prasanna,6.9
R.k. Sharma,3.3
Raaghav Dar,5.3
Raaj Shaandilyaa,7.0
Raajeev Walia,1.8
Raam Shetty,4.628571428571428
Rabi Kinagi,5.7
Rabindra Dharmaraj,6.8
Rackhee Sandilya,6.9
Radha Krishna Jagarlamudi,6.4625
Radhakant,6.375
Radheshyam Pipalwa,6.400000000000001
Radhika Rao,5.3875
Radhu Karmakar,7.400000000000001
Rafeeq Ellias,5.3
Raghav Murali,5.7
Raghubeer Singh,6.8
Raghunath Jhalani,6.547058823529412
Raghuram,6.3
Raghuvir Kul,5.3
Rahat Kazmi,5.51
Rahi Anil Barve,8.3
Rahul Bhole,8.4
Rahul Bose,6.8500000000000005
Rahul Dahiya,8.3
Rahul Dholakia,5.881818181818182
Rahul Kumar Shukla,5.0
Rahul Mallick,9.3
Rahul Rajan,7.3
Rahul Rawail,5.335135135135135
Rahul Shanklya,7.1
Raj Amit Kumar,5.1
Raj Kanwar,5.064705882352941
Raj Kapoor,7.11
Raj Kaushal,5.2
Raj Khosla,6.716279069767442
Raj Kumar Bedi,6.6
Raj Kumar Gupta,6.52
Raj Madiraju,5.9
Raj Mehta,6.9
Raj N. Sippy,5.095348837209302
Raj Pendurkar,4.6
Raj Purohit,5.95
Raj Rishi,6.199999999999999
Raj Shetty,5.2
Raj Singh Chaudhary,6.0
Raj Tilak,6.6499999999999995
Raja Bundela,5.466666666666666
Raja Chanda,5.3
Raja Krishna,6.0
Raja Menon,6.6875
Raja Nawathe,6.764705882352941
Raja Nene,7.9
Raja Sen,4.9
Raja Unnithan,6.0
Rajan Johri,6.3
Rajan Khosa,6.833333333333333
Rajan Kumar Patel,5.5
Rajan Thakur,5.2
Rajasekar,7.25
Rajasekhar,5.3
Rajashekhar,5.9
Rajat Kapoor,6.852941176470588
Rajat Kumar Chaturvedi,8.7
Rajat Mukherjee,4.785714285714286
Rajat Rakshit,5.477777777777778
Rajatesh Nayyar,5.8
Rajeev Bhatia,5.8
Rajeev Chaudhari,2.7999999999999994
Rajeev Jhaveri,5.300000000000001
Rajeev Kumar,4.72
Rajeev Virani,4.54
Rajendra Bhatia,7.133333333333333
Rajendra Kumar,6.5
Rajendra Prasad V.B.,5.1
Rajendra Singh 'Atish',7.2
Rajesh Bachchani,6.3
Rajesh Bajaj,1.8999999999999997
Rajesh Bakshi,3.3
Rajesh Bhatt,5.1
Rajesh Butalia,4.9
Rajesh Ganguly,6.7
Rajesh Hans,7.0
Rajesh Krishnan,7.6
Rajesh Kumar Singh,3.2
Rajesh Mapuskar,6.400000000000001
Rajesh Mittal,7.1
Rajesh Nanda,4.9
Rajesh Pandey,2.7
Rajesh Pillai,6.7
Rajesh Ram Singh,4.442857142857143
Rajesh Ranshinge,4.2
Rajesh Seth,4.6
Rajesh Shera,6.6
Rajesh Vakil,6.3
Rajesh. K.,6.5
Rajiev Dhingra,7.3
Rajinder Singh Bedi,7.25
Rajiv Babbar,5.0
Rajiv Chilaka,5.84
Rajiv Dhingra,4.4
Rajiv Goswami,3.6
Rajiv Kapoor,5.7
Rajiv Mehra,6.0
Rajiv Rai,6.116666666666666
Rajiv S. Ruia,4.052631578947368
Rajkumar Bhan,5.9
Rajkumar Hirani,8.03076923076923
Rajkumar Kohli,5.175
Rajkumar R. Pandey,5.125
Rajkumar Santoshi,6.835135135135135
Rajnath,5.8
Rajni Basumatary,8.0
Rajnish Thakur,3.3499999999999996
Rajpal Yadav,5.4
Rajsekhar,5.0
Rajshree Ojha,5.0
Raju Chouhan,3.1
Raju Desai,6.0
Raju Eswaran,7.3
Raju Khan,3.6
Raju Mavani,4.4
Raju Saigal,5.0
Raju Subramaniam,4.0
Raka,5.9
Rakesh Bedi,2.1
Rakesh Chaturvedi Om,5.375
Rakesh Kakaria,5.2
Rakesh Kudalkar,7.0
Rakesh Kumar,6.116666666666666
Rakesh Mehta,5.3
Rakesh Nahata,4.0
Rakesh Parmaar,6.699999999999999
Rakesh Prasad,7.2
Rakesh Ranjan Kumar,3.5
Rakesh Roshan,6.097142857142857
Rakesh Sawant,5.66
Rakeysh Omprakash Mehra,6.5928571428571425
Rakhan,6.5
Ram Daryani,5.7
Ram Dayal,6.6
Ram Gopal Varma,5.558064516129032
Ram Govind,5.5
Ram Kamlani,5.9
Ram Madhvani,7.599999999999999
Ram Maheshwari,6.5
Ram Mukherjee,6.699999999999999
Ram Pahwa,2.8
Ram Ramesh Sharma,7.1
Rama Rao Tatineni,5.318518518518518
Raman B. Desai,6.0
Raman Kumar,4.414285714285714
Ramana,3.8000000000000003
Ramanand Sagar,6.764285714285714
Ramanarayanan,3.8
Ramanlal Desai,4.8
Ramanna,4.5
Ramanna T.R.,4.8
Ramchandra P.N.,7.2
Ramchandra Thakur,5.400000000000001
Ramesh Ahuja,5.08
Ramesh Behl,5.8
Ramesh Modi,5.0
Ramesh Saigal,7.2272727272727275
Ramesh Sippy,6.285185185185185
Ramesh Talwar,6.48
Ramesh U. Lakhiani,2.95
Ramin Bahrani,7.1
Ramkishan Choyal,8.8
Ramkumar Bohra,6.0
Ramkumar Pawadia,5.8
Ramkumar Shedge,8.0
Ramu Kariat,7.7
Randeep Jha,7.099999999999999
Randhir Kapoor,6.487500000000001
Rani Mukerji,3.9
Ranjan Bose,4.6
Ranjan Chandel,7.2
Ranjan Shandilya,6.5
Ranjeet,5.2
Ranjeet Gupta,4.9
Ranjit Kapoor,6.0
Ranjit Tewari,6.2
Ranveer Pratap Singh,6.1
Rao C.S.R.,4.4
Rasool Ellore,5.6
Rati Agnihotri,3.1
Ratnaa Sinha,7.6
Ravi Chopra,6.055555555555555
Ravi Dewan,5.3
Ravi Godse,7.7
Ravi Jadhav,4.9
Ravi K. Chandran,3.5
Ravi Kapoor,7.3
Ravi Kumar,7.2
Ravi Raja,5.4
Ravi Raja Pinisetty,5.720000000000001
Ravi Sharma Shankar,3.6
Ravi Sinha,4.8
Ravi Tandon,6.716666666666666
Ravi Udyawar,7.3
Ravi Varma,5.8
Ravichandran,5.2
Ravikant Nagaich,6.092499999999999
Ravinddra Khare,4.9399999999999995
Ravinder Ravi,2.4
Ravindra Arora,4.3
Ravindra Dave,6.642857142857143
Ravindra Gautam,6.0
Ravindra Peepat,5.566666666666666
Ravindra Singh,5.4
Reema Kagti,6.866666666666666
Reema Rakesh Nath,5.3
Rehman Naushad,5.3
Remo D'Souza,3.993333333333333
Remy Kohli,6.599999999999999
Renju Ramesh,5.5
Renuka Shahane,6.1
Renzil D'Silva,5.7
Revathi,6.449999999999999
Ribhu Dasgupta,5.7125
Richard Attenborough,8.0
Richie Mehta,7.3
Rikhil Bahadur,5.900000000000001
Rima Das,6.8
Rishi Kapoor,5.5
Rishi Prakash Mishra,5.8
Ritam Srivastav,7.3
Ritesh Batra,7.35
Ritesh Menon,6.95
Ritesh s Kumar,5.8
Rituparno Ghosh,6.863636363636363
Robbie Grewal,6.833333333333333
Robert Lieberman,5.7
Robin Khosla,6.7
Rohan Sippy,6.0
Rohena Gera,7.7
Rohit Arora,8.7
Rohit Dhawan,5.34
Rohit Dwivedi,8.1
Rohit Jugraj,5.15
Rohit Kaushik,5.8
Rohit Krishnakant Nayyar,4.866666666666667
Rohit Manash,4.4
Rohit Mittal,6.133333333333333
Rohit Philip,7.1
Rohit Shetty,5.743243243243243
Rohit Vaid,7.7
Roland Joff�,4.6
Romesh Sharma,6.15
Romilla Mukherjee,6.2
Ronit Jadhav,8.8
Roop K. Shorey,6.5
Rosauro Adorable,5.5
Roshan Abbas,4.0
Roshan Taneja,5.400000000000001
Ruchi Narain,5.785714285714286
Ruchika Oberoi,6.7
Rudra Patla Venugopal,3.6
Rumi Jaffery,4.35
Rupesh Paul,6.74
S Krishna,6.400000000000001
S. Bannerjee,6.8
S. Deepak,4.7
S. Gawli,4.0
S. Karnam,4.1
S. Khalil,7.3
S. Kumar,4.9
S. Manasvi,5.3
S. Narayan,8.5
S. Ram Sharma,7.900000000000001
S. Ramanathan,6.20625
S. Shankar,7.2875
S. Soni,4.2
S. Sukhdev,6.9
S. Sunil,9.0
S. Waris Ali,4.5
S.A. Akbar,5.985714285714286
S.A. Chandrashekhar,5.708333333333333
S.A. Kader,5.7
S.D. Narang,4.2
S.J. Suryah,5.15
S.K. Kapur,3.4
S.K. Ojha,6.7
S.K. Prabhakar,6.7
S.K. Subash,4.25
S.M. Abbas,5.68
S.M. Sagar,5.67
S.N. Banerjee,6.3
S.N. Tripathi,6.58
S.P. Muneshwar,4.8
S.P. Muthuraman,6.29047619047619
S.R. Pratap,3.9599999999999995
S.R. Puttana Kanagal,7.1
S.S. Balan,6.775
S.S. Dharwadkar,7.5
S.S. Ravichandra,5.1571428571428575
S.S. Vasan,6.8875
S.U. Sunny,7.24
S.U. Syed,3.3499999999999996
S.V. Rajendra Singh Babu,6.6499999999999995
Saabir,5.0
Saad Khan,7.5
Saahil Prem,5.1
Saandesh Nayak,4.4
Saawan Kumar Tak,5.003571428571428
Sabal Singh Shekhawat,6.2
Sabir,4.2
Sabir Khan,4.345454545454545
Sabyasachi Mohapatra,7.900000000000001
Sachin Agarwal,5.8
Sachin Bajaj,3.2999999999999994
Sachin Gupta,5.5
Sachin Kamlakar Khot,3.7
Sachin Kundalkar,4.4
Sachin P. Karande,6.225
Sachin Pilgaonkar,5.475
Sachin Yardi,5.683333333333334
Sachindra Sharma,1.6
Sadaqat Hussein,3.9
Sadashiv J. Row Kavi,5.4
Sadhu Meher,5.9
Saeed Akhtar Mirza,7.011111111111111
Safdar Rahman,6.5
Sagar Ballary,5.355555555555556
Sagar Pathak,8.3
Sagar Sarhadi,7.0
Saheem Khan,5.8
Sahil Sangha,5.8
Sai Kabir,4.5
Sai Paranjape,7.466666666666666
Saif Ali Sayeed,10.0
Saif Baidya,7.3999999999999995
Saif Hyder Hasan,5.6
Sajeev Balath,7.5
Sajid,4.75
Sajid Ali,7.8
Sajid Khan,3.8
Sajid Nadiadwala,5.3
Sajit Warrier,4.4
Saket Chaudhary,6.728571428571429
Saket S. Behl,7.1
Sakthi Chidambaram,2.7
Salar Shaikh,2.5
Salim Raza,2.7000000000000006
Salim Suma,5.5
Samar Chatterjee,5.9
Samar Iqbal,5.5
Samar Khan,5.74
Sameer Hanchate,7.2
Sameer Joshi,6.3
Sameer Khan,4.066666666666666
Sameer Malkan,5.49
Sameer Patil,5.6
Sameer Sharma,6.6
Sameer Sippy,4.0
Sameer Thahir,7.7
Sami Khan,7.5
Samir Ganguly,6.691666666666666
Samir Joshi,6.2
Samir Karnik,5.126666666666667
Samir Soni,5.5
Samir Tewari,3.6
Samit Basu,5.5
Samit Kakkad,5.233333333333333
Sammir i Patel,5.8
Samudra V.,3.9
Sanal Kumar Sasidharan,7.0
Sanamjit Singh Talwar,5.2
Sandeep A. Varma,7.2
Sandeep Bhatt,3.2000000000000006
Sandeep Chatterjee,3.2999999999999994
Sandeep Kumar,3.4
Sandeep Kumar Chandola,7.0
Sandeep Mishra,7.2
Sandeep Mohan,8.15
Sandeep Pandey,6.8
Sandeep Reddy Vanga,7.099999999999999
Sandip Ray,8.049999999999999
Sangeeth Sivan,4.394736842105263
Sanghamitra Chaudhuri,6.5
Sanjay Amar,5.85
Sanjay Bhatia,4.8
Sanjay Chhel,4.185714285714285
Sanjay D. Singh,6.1
Sanjay Dayma,6.7
Sanjay F. Gupta,5.5
Sanjay Gadhvi,5.385
Sanjay Gupta,5.575
Sanjay Jadhav,5.9
Sanjay Jha,6.2
Sanjay Khan,6.12
Sanjay Khandelwal,6.233333333333333
Sanjay Khanna,4.74
Sanjay Leela Bhansali,7.016666666666667
Sanjay M. Khanduri,5.75
Sanjay Niranjan,6.3
Sanjay Patel,7.3
Sanjay Puran Singh Chauhan,6.925
Sanjay Sharma,3.7
Sanjay Srinivas,2.9
Sanjay Talreja,6.3
Sanjay Tripathy,7.3
Sanjay Zaveri,3.1
Sanjeev Kumar Rajput,6.7
Sanjeev Reddy,6.1
Sanjeev Sharma,5.7
Sanjeev Vedwan,6.6
Sanjib Dey,6.5
Sanjiv Jaiswal,4.3
Sanjivan Lal,7.3
Sanjoy Nag,6.550000000000001
Sanju K. Gupta,3.9
Sankalp Reddy,7.599999999999999
Sanoj Mishra,5.6
Santanu Bhowmick,6.7
Santosh Kashyap,7.6
Santosh Sivan,6.875
Santram Varma,5.2
Sapna Bhavnani,9.3
Saran,6.5
Sarankant,5.8
Sardar Talukdar,4.7
Sareesh Sudhakaran,6.4
Sarmad Khan,4.5
Sartaj Singh Pannu,6.4
Sarthak Dasgupta,6.266666666666667
Sarvottam Badami,6.4
Sasikumar,6.400000000000001
Sathish,4.8
Sathya Prabhas Pinisetty,6.6
Sathyan Anthikad,7.599999999999999
Satish Kasetty,6.8
Satish Kaushik,5.027027027027027
Satish Nigam,6.6
Satish Rajwade,5.7
Satpal,6.4
Sattwik Mohanty,7.3
Satyajit Bhatkal,5.15
Satyajit Ray,7.449999999999999
Satyen Bose,6.929729729729729
Saumyy Shivhare,8.3
Saurab Narang,5.0
Saurabh Gulab Rao,8.5
Saurabh Kabra,4.2
Saurabh Shukla,5.7555555555555555
Saurabh Varma,5.85
Savin Tuscano,5.400000000000001
Seema Bhargava,7.6
Seema Desai,6.0
Seema Kapoor,5.25
Sekhar Suri,6.8
Selva,3.6
Seshu Kmr,6.6
Shaad Ali,5.623529411764705
Shadaab Mirza,5.1
Shadab Ahmad,9.0
Shadab Khan,4.0
Shafi Inamdar,6.3
Shahab Shamsi,4.7
Shaheed Latif,6.628571428571428
Shahid Kazmi,6.75
Shaik Khaja Hussain,6.1
Shailendra Pandey,5.3
Shailendra Shukla,6.6
Shailendra Singh,6.5
Shailendra Singh Rajput,6.1
Shailesh Verma,4.7
Shaji N. Karun,5.1
Shakeel Noorani,4.3500000000000005
Shakir Khan,6.8
Shakirul Alam,7.5
Shakti,8.2
Shakti Samanta,6.718571428571429
Shakun Batra,6.7
Shamin Desai,3.7
Shammi,6.099999999999999
Shammi Chhabra,5.1
Shammi Kapoor,6.8
Shamshad Pathan,3.9
Shankar Addi Mehra,7.5
Shankar Mukherjee,6.911111111111111
Shankar Vikram,5.6
Shankaraiya,5.1
Shanker Raman,6.5
Shankhadeep,3.7
Shantanu Anant Tambe,3.5
Shantaram Rajaram Vankudre,6.8
Shantilal Soni,6.4875
Sharad Chaudhary,4.6
Sharad Sharan,5.0
Sharadsingh Thakur,6.3
Sharan Sharma,5.3
Sharankumar Chand,6.4
Sharat Katariya,6.875
Shareeph Mansuri Saranawala,3.2
Sharique Minhaj,6.8
Shashank Khaitan,5.6625
Shashank Udapurkar,4.9
Shashanka Ghosh,6.144444444444444
Shashant Shah,6.442857142857143
Shashi Kapoor,5.3
Shashi Ranjan,3.3200000000000003
Shashi Sudigala,6.1
Shashilal K. Nair,5.50625
Shaukat Hussain Rizvi,6.2
Shaurya Singh,6.8
Shawn Arranha,3.4000000000000004
Sheershak Anand,3.875
Shefali Bhushan,6.2
Shekhar Kapur,7.8
Shekhar S. Jha,6.75
Shekhar Sirrinn,5.3
Shekhar Suman,5.1
Shekhar Ujjaninwal,2.8
Shekkhar Suri,6.8
Shelly Chopra Dhar,5.5
Shibu Mitra,5.433333333333333
Shiladitya Moulik,6.5
Shilpa Ranade,7.0
Shilpi Dasgupta,4.0
Shimit Amin,7.875
Shirish Kunder,4.433333333333334
Shiv Hare,8.2
Shiv Kumar,5.2
Shiv Sahni,6.5
Shiva,4.8
Shiva Rindani,8.2
Shiva Shakti Datta,4.3
Shivajee Chandrabhushan,7.1
Shivaji Lotan Patil,5.8
Shivakumar,5.5
Shivam Nair,6.35
Shivam Tiwari,6.1
Shivendra Singh Dungarpur,7.8
Shivram Yadav,4.74
Shlok Sharma,6.166666666666667
Shoib Nikash Shah,7.1
Shomu Mukherjee,5.34
Shona Urvashi,5.400000000000001
Shonali Bose,7.425
Shoojit Sircar,7.4071428571428575
Shrabani Deodhar,3.3
Shravankumar Tiwari,5.3
Shree Narayan Singh,6.4
Shrey Srivastava,3.75
Shreyas Talpade,5.4
Shrikant Sharma,4.4
Shripal Morakhia,4.3
Shriram,5.3
Shubh Mukherjee,4.9
Shubham Singh,5.5
Shubhashish Bhutiani,7.1
Shuja Ali,5.1
Shujaat Saudagar,5.0
Shukla Barnali Ray,4.3
Shyam Benegal,7.1875
Shyam Bharteey,8.8
Shyam Madiraju,7.7
Shyam Ralhan,5.35
Shyam Ramsay,5.44390243902439
Shyamal K. Mishra,5.8
Sibte Hassan Rizvi,5.7
Siddharth Anand,5.966666666666666
Siddharth Anand Kumar,6.3
Siddharth Malhotra,6.359999999999999
Siddique,4.7
Sidharth Srinivasan,6.05
Sikandar Khanna,6.7
Sikander Bharti,4.93076923076923
Singeetam Srinivasa Rao,6.566666666666666
Sisir Misra,4.975
Sisir. P. Mishra,4.7
Siva,5.4
Smeep Kang,4.1000000000000005
Sneha Taurani,6.0
Snehashish Mondal,8.9
Sohail Khan,5.006666666666666
Sohail Tatari,6.166666666666667
Soham Shah,4.7
Sohan Roy,3.2999999999999994
Sohanlal Kanwar,6.55
Sohrab Modi,6.74375
Sonam Nair,5.6
Soni Razdan,3.9
Sooni Taraporevala,7.6
Sooraj R. Barjatya,6.0
Soumendra Padhi,7.599999999999999
Soumik Sen,5.466666666666666
Soumitra Ranade,5.725
Sourabh Shrivastav,5.4
Sourabh Shrivastava,5.5
Sreenu Vaitla,5.400000000000001
Sridhar Allani,6.9
Sridhar Rangayan,6.466666666666666
Sridhar Reddy,4.5
Srijit Mukherji,6.699999999999999
Srikanth Velagaleti,6.0
Srinivas Bhashyam,4.8999999999999995
Srinivas Sunderrajan,5.7
Srinivasa Rao Jonnalagadda,4.5
Sriparna Dey,6.1
Sriram Raghavan,7.22
Sriram Raja,9.7
Sriramulu Naidu S.M.,7.2
Stanley D'Costa,1.8
Stanley Joseph,7.400000000000001
Steven Spielberg,6.400000000000001
Subhankar Ghosh,8.0
Subhash Agrawal,7.7
Subhash Ghai,6.228301886792453
Subhash Kapoor,6.641666666666667
Subhash Mukherjee,6.7
Subhash Sehgal,3.875
Subhash Sharma,5.9
Subhash Sonik,4.7
Subodh Mukherji,6.640000000000001
Subodh Nagdeve,7.9
Subroto Paul,3.9
Sudarshan Nag,4.3
Sudeep,6.5
Sudeep Ranjan Sarkar,5.5
Sudesh Issar,6.1000000000000005
Sudha Kongara,7.975
Sudhanshu Saria,5.8
Sudhanshu Sharma,8.0
Sudharshan Lal,2.9
Sudhendu Roy,6.75
Sudhir Dalvi,6.5
Sudhir Mishra,6.484
Sudhir Pillai,2.4
Sudhir R. Nair,4.8
Sudhish Kumar Sharma,5.550000000000001
Sudip Bandyopadhyay,6.3
Sudipto Chattopadhyay,5.366666666666667
Sudipto Sen,5.2
Suhaib Ilyasi,7.8
Suhasini,7.0
Suhrud Godbole,9.4
Sujoy Ghosh,6.293333333333333
Sukhdev Ahluwalia,3.3
Sukhen Das,6.5
Sukhwant Dhadda,7.1
Sukumar Nair,6.8
Sultan,2.8
Sultan Ahmed,5.475
Suman Ganguli,5.7
Suman Ghosh,7.6
Sumana Mukherjee,5.2
Sumeet Chawla,4.0
Sumit Sinha,6.3
Sumitra Bhave,5.7
Sunaina Bhatnagar,5.8
Sunanda Mitra,4.5
Sunanda Shyamal Mitra,3.4
Sundar C.,5.17
Sundeep Malani,4.2
Sunder Dar,5.9399999999999995
Sunder Pal,6.2
Suneel Darshan,4.177272727272728
Suneet Arora,3.9
Suneil Anand,4.8
Sunhil Sippy,3.9
Sunil Advani,5.7
Sunil Agnihotri,4.1
Sunil Dutt,7.05
Sunil Hingorani,5.14
Sunil K. Reddy,4.4
Sunil Pal,4.3
Sunil Patel,8.9
Sunil Sanjan,5.1
Sunil Shah,5.8
Sunil Sharma,4.5
Sunil Sikand,4.7
Sunil Singh,6.5
Sunil Subramani,5.4
Sunil Tiwari,5.0
Sunit Sinha,7.2
Sunny Bhambhani,5.3
Sunny Deol,5.3999999999999995
Suparn Varma,4.833333333333333
Supavitra Babul,4.1
Suraj Bharti,3.5
Suraj Joshi,8.3
Suraj Prakash,5.70625
Surender Reddy,5.6
Surendra Kumar Bohra,4.9
Surendra Mohan,6.028571428571429
Suresh,4.5
Suresh Jain,4.5
Suresh Krishna,5.75
Suresh Triveni,7.0
Surindara Suri,5.7
Surya Lakkoju,2.4
Surya Prakash,3.9
Susant Misra,9.0
Sushen Bhatnagar,4.8999999999999995
Sushikailash,5.0
Sushil Majumdar,6.5
Sushil Malik,5.400000000000001
Sushil Rajpal,7.3
Sushil Vyas,5.2
Sushma Shiromani,3.1
Sushmit Ghosh,8.1
Susi Ganesan,2.3
Suvahhdan Angre,6.9
Suvendu Ghosh,4.2
Suzad Iqbal Khan,4.683333333333334
Swamy V.S.R.,6.400000000000001
Swapan Saha,5.6
Swapna Joshi,4.0
Swaroop Kanchi,6.400000000000001
Swaroop Kumar,4.616666666666666
Syed Ahmad Afzal,6.6571428571428575
Syed Hussain,6.4
T. Hariharan,5.3
T. Madhava Rao,5.7
T. Prakash Rao,6.568181818181818
T.L.V. Prasad,4.520833333333333
T.R. Raghunath,4.5
T.R. Sundaram,5.0
T.S. Ranga,6.8
Tabrez Hashmi,3.5
Tabrez Noorani,7.4
Tahir Hussain,4.7
Tajdar Amrohi,4.0
Talat Jani,4.775
Tannishtha Chatterjee,7.8
Tanuj Bhramar,5.633333333333333
Tanuja Chandra,6.114285714285714
Tanushri Chattrji Bassu,6.3
Tanveer Hashmi,3.45
Tanveer Khan,4.2375
Tanvir Ahmad,3.6
Tapan Sinha,7.533333333333333
Tapi Chanakya,6.584615384615384
Tara Harish,6.357142857142857
Taranjiet Singh Namdhari,7.099999999999999
Taranveer Singh,4.5
Tariq Bhat,6.0
Tariq Khan,4.7
Tariq Shah,4.233333333333333
Tarun Dutt,5.1
Tarun Madan Chopra,6.599999999999999
Tarun Majumdar,6.983333333333333
Tarun Mansukhani,5.0
Tarun s Bisht,5.4
Teerat Singh,2.9
Teja,3.9
Terrie Samundra,3.4
Thampi Kannanthanam,6.3
Thiru,5.5
Tigmanshu Dhulia,6.5
Tilak Shetty,7.8
Tinnu Anand,6.1909090909090905
Tinnu Verma,3.35
Tom Alter,9.2
Tonje Gjevjon,6.3
Tony Juneja,4.05
Trilok Jetley,7.0
Tulsi Ramsay,6.1
Tushar Hiranandani,7.7
Tushar Waghela,6.5
U.C. Roshan,3.2
Udai Singh Pawar,6.7
Uday Shankar,6.7
Udayshankar,4.8
Udyakanth,3.6
Ugyen Chhopel,7.9
Ujjwal Chatterjee,4.2
Ujjwal V. Thengdi,5.9
Umesh Bist,5.1
Umesh Ghadge,1.9
Umesh Mehra,5.26
Umesh Shukla,6.17
Umesh Vinayak Kulkarni,7.2
Utpalendu Chakrabarty,7.5
Uttar Kumar,6.9
V. Gowthaman,6.0
V. Joshi,5.0
V. Madhusudan Rao,6.05
V. Menon,3.6714285714285717
V. Ravichandran,6.0
V. Ravindra,5.9
V. Subba Rao,5.7
V.G. Samant,7.6
V.K. Choudhary,7.0
V.K. Prakash,4.8
V.K. Singh,5.9
V.M. Vyas,6.6
V.V. Vinayak,6.8
Vaibhav Misra,4.5
Van Maximilian Carlson,8.0
Vandana Kataria,5.8
Vara Mullapoodi,4.9
Varadraj Swami,6.6
Varun Khanna,3.5
Varun Middha,4.3
Vasan Bala,7.2
Vasant Joglekar,6.02
Ved Rahi,6.2
Ved-Madan,6.125
Veerendranath Yandamoori,6.2
Venkatesh Bk,9.3
Vetrimaaran,8.5
Vibhu Puri,5.5
Vickrant Mahajan,5.9
Vicky Bhardwaj,5.3
Vicky G.,3.4
Vicky Ranawat,5.4
Vicky S. Kumar,3.3
Vicky Tejwani,4.2
Vidhi Kasliwal,5.1000000000000005
Vidhu Vinod Chopra,6.463157894736842
Vierendrra Lalit,7.0
Vijay,6.333333333333333
Vijay Anand,7.284375
Vijay B.,6.5
Vijay Bhatt,6.839130434782609
Vijay Ghatge,4.2
Vijay Jayapal,5.9
Vijay K. Bhaskar,6.4
Vijay Kapoor,5.4
Vijay Krishna Acharya,4.5125
Vijay Kumar Mishra,5.2
Vijay Lalwani,7.099999999999999
Vijay Patkar,4.6
Vijay Raaz,7.400000000000001
Vijay Ratnakar Gutte,6.0
Vijay Reddy,5.260000000000001
Vijay S. Bhanushali,3.25
Vijay Sadanah,6.2625
Vijay Sharma,6.433333333333334
Vijay Singh,5.6
Vijay Suthar,8.6
Vijaya Mehta,6.4
Viji Thampi,5.2
Vijit Sharma,6.099999999999999
Vikas Bahl,6.6909090909090905
Vikas Desai,6.8
Vikas Kavthekar,6.7
Vikas Khanna,7.9
Vikram Bhatt,4.835
Vikram K. Kumar,7.3
Vikram Nath Gupta,6.2
Vikram Pradhan,5.1
Vikram Veturi,6.5
Vikramaditya Motwane,7.4
Vikramjit Singh,3.2999999999999994
Vimal Kumar,4.269230769230769
Vimal Reddy,4.7
Vinay Shukla,5.566666666666666
Vinayan,4.525
Vineet Khetrapal,5.3
Vinil Mathew,6.8
Vinnil Markan,5.3
Vinod Dewan,5.233333333333333
Vinod K. Verma,4.9
Vinod Kumar,6.4
Vinod Mehra,4.9
Vinod Mukhi,3.45
Vinod Pande,4.1125
Vinod Talwar,4.3
Vinod Tiwari,3.1
Vipin Parashar,3.5
Vipin k Sethie,5.9
Vipul Amrutlal Shah,5.511764705882353
Vipul K. Rawal,7.9
Viral H. Patel,4.3
Virendra Saini,6.550000000000001
Virendra Sharma,5.6
Visakh G S,5.2
Vishal Bhardwaj,7.151724137931034
Vishal Mahadkar,5.0
Vishal Mishra,4.949999999999999
Vishal Mourya,8.8
Vishal Pandya,4.484615384615385
Vishesh Bhatt,4.9
Vishnupant Govind Damle,7.566666666666666
Vishram Bedekar,6.3
Vishram Sawant,6.699999999999999
Vishwa Bhanu,9.3
Vishwamitra,5.266666666666667
Vishwas Paandya,6.400000000000001
Vishwas Patil,2.3
Vishwesh Krishnamoorthy,7.4
Vivek Agnihotri,5.4941176470588236
Vivek Budakoti,6.3
Vivek Sharma,5.2875
Vivek b Agrawal,4.1
Wanphrang Diengdoh,7.0
Wasi Khan,6.4
Wes Anderson,7.2
Willard Carroll,4.8
William Hunt,3.4
Wilson Louis,4.7
Xavier Agudo,5.599999999999999
Y. Eshwara Reddy,4.4
Y. Nageswara Rao,6.659999999999999
Y.P. Singh,6.099999999999999
Yakub Hasan Rizvi,6.449999999999999
Yash Chopra,7.010526315789474
Yogendra Singh,7.5
Yogesh Bharadwaj,5.55
Yogesh Dattatraya Gosavi,7.4
Yogesh Ishwar,4.2
Yogesh Pagare,4.0
Yunus Sajawal,6.1
Yusuf Khan,4.0
Yusuf Naqvi,6.7
Yusuf Qasmi,6.2
Yuvraj Kumar,6.95
Y�g� Sak�,6.8
Zaheer D. Lari,6.1
Zaid Ali Khan,5.5
Zaigham Imam,6.75
Zanane Rajsingh,6.7
Zeishan Quadri,7.2
Zia Sarhadi,6.82
Ziaullah Khan,5.6
Zoya Akhtar,6.878571428571428
Zubair Khan,5.4
Zunaid Memon,6.400000000000001
